eid,name_usuall,name_official,brand,series,launch_date,racket_weight,racket_length,grip_thickness,stringing_tension,price_new,price_old
20985,NANOFLARE 700 TOUR,2NF-700TEX NF700TOUR 疾光700TOUR,尤尼克斯 YONEX,疾光系列,2024年9月下旬,4U、5U,675mm ,G5、G6,4U（20-28LBS）、5U（19-27LBS）,685.0,563.0
18736,ASTROX 3 DG HF,天斧3DGHF AX3DGHF,尤尼克斯 YONEX,天斧系列,2023年,4U,675mm ,G4、G5,22-35LBS,433.0,346.0
8491,ARCSABER TOUR 1000,弓剑1000 ARCtour1000 弓1000,尤尼克斯 YONEX,弓剑系列,未知,3U、4U,675mm ,G4、G5,19-28LBS,980.0,784.0
6713,Nanospeed 1000,NS1000 NS-1000,尤尼克斯 YONEX,NS系列,2016年春季,3U,675mm ,G4、G5,<22LBS,1750.0,1400.0
6697,JETSPEED S 12 F,极速12F JS12F,威克多 VICTOR,极速系列,未知,3U、4U,675mm ,G5、G6,3U≤30LBS、4U≤29LBS,1037.0,1078.0
17826,AURASPEED ETA瑶光,神速瑶光 神速ETA ARS瑶光 ARSETA,威克多 VICTOR,神速系列,2024年1月,3U、4U,675mm ,G5、G6,3U≤28LBS、4U≤27LBS,442.0,358.0
7467,NANORAY 150,NR150,尤尼克斯 YONEX,锐速系列,2015年春季,3U,675mm ,G5,17-22LBS,345.0,276.0
7451,THRUSTER K 66 I,突击66I TK66I TK-66I,威克多 VICTOR,突击系列,2020年秋季,7U,675mm ,G6,≤31LBS,396.0,317.0
20362,AURASPEED 2800,ARS2800 神速2800,威克多 VICTOR,神速系列,未知,-,- ,-,-,278.0,222.0
8516,BRAVE SWORD 1800,BRS-1800 亮剑1800 BRS1800E BRS1800G,威克多 VICTOR,亮剑系列,未知,3U、4U,675mm ,-,≤24LBS,283.0,226.0
7569,THRUSTER K 70,TK-70 突击70 TK70 TK70H TK70F,威克多 VICTOR,突击系列,2019年秋季,6U,675mm ,G5、G6,≤31LBS,265.0,212.0
7352,THRUSTER K 15B 星钻蓝,TK-15B 突击15 TK15 TK15B,威克多 VICTOR,突击系列,未知,4U、5U,675mm ,G5、G6,4U≤27LBS、5U≤25LBS,420.0,336.0
21167,,VICTOR威克多 Ripple Power 21 LTD 羽毛球拍,威克多 VICTOR,,,3U,- ,G3,-,286.0,229.0
19392,,VICTOR威克多 Ripple Power 31 LTD 羽毛球拍,威克多 VICTOR,,,3U,675mm ,G4,19-26LBS,442.0,354.0
6170,BRAVE SWORD LHI,亮剑LHI 亮剑LHI,威克多 VICTOR,亮剑系列,未知,3U、4U,675mm ,-,3U≤30LBS、4U≤28LBS,478.0,382.0
14490,THRUSTER K 88GB,白金小隼 TK88GB TK-88GB,威克多 VICTOR,突击系列,2022-10,4U,675mm ,G5,≤28LBS,225.0,180.0
5348,BRAVE SWORD LYD,亮剑LYD BRSLYD BRS-LYD 亮剑LTD BRSLTD BRS-LTD,威克多 VICTOR,亮剑系列,2012年,2U、3U、4U,675 ,G2,24-26LBS,522.0,300.0
6821,BRAVE SWORD 11R,亮剑11R BRS11R,威克多 VICTOR,亮剑系列,2017年9月,3U、4U,675mm ,G4、G5,≤30LBS,494.0,395.0
17381,超级波350,SW-350 SW350,威克多 VICTOR,超级波系列,未知,3U,675mm ,G5,24-26LBS,344.0,275.0
20609,THRUSTER F 隼 Ultra LTD,TK-F隼UltraLTD TK-F隼Ultra巴黎奥运会纪念版,威克多 VICTOR,突击系列,2024年,4U,675mm ,G5,4U≤31LBS,1607.0,1286.0
12150,,未知,威克多 VICTOR,,威克多VICTOR 胜利铝合金羽毛球拍单拍CR-108 男女初学入门训练羽拍,95-100g,675mm ,-,-,208.0,167.0
7721,AURASPEED 30H,神速30H AURASPEED30H ARS-30H ARS30H,威克多 VICTOR,神速系列,2019年春季,3U、4U,675mm ,G4、G5,≤32LBS,280.0,224.0
21730,BRAVE SWORD 12 PRO,亮剑12PRO BRS12PRO,威克多 VICTOR,亮剑系列,2024年,4U,- ,G5,≤30LBS,884.0,707.0
10693,AURASPEED 100X SE,神速100XSE AURASPEED100XSE 阿山签名 ARS-100XSE ARS100XSE,威克多 VICTOR,神速系列,2021年,4U,675mm ,G5,≤28LBS,332.0,266.0
14441,AURASPEED 58,神速58 ARS58 AURASPEED58,威克多 VICTOR,神速系列,未知,3U、4U,675mm ,G5,3U≤28LBS、4U≤27LBS,580.0,560.0
8701,Artery Tec 920,脉动920 ART-920 ART920,威克多 VICTOR,脉动系列,未知,3U,675mm ,G2,H≤28LBS、V≤26LBS,402.0,322.0
7568,DriveX 8S,DX8S DX-8S 驭8S,威克多 VICTOR,驭系列,2019年秋季,4U,675mm ,G5、G6,≤28LBS,260.0,208.0
14622,AURASPEED WDS,ARS-WDS 神速WDS ARSWDS,威克多 VICTOR,神速系列,2022年,3U、4U,675mm ,G5,3U≤30LBS、4U≤29LBS）,659.0,600.0
15201,HYPERNANO X 500 POWER,hx500p,威克多 VICTOR,HX系列,未知,3U、4U,675mm ,G5,≤28LBS,491.0,393.0
6208,JETSPEED S 08,极速08 JS08 JS-08E JS-08B,威克多 VICTOR,极速系列,2014年,4U、5U,675mm ,G5、G6,4U≤27LBS、5U≤25LBS,239.0,191.0
17819,AURASPEED 90F TD,神速90FTD ARS90FTD,威克多 VICTOR,神速系列,2023年12月,3U、4U,675mm ,G5、G6,3U≤28LBS、4U≤27LBS,475.0,380.0
20081,,2024年,威克多 VICTOR,,VICTOR威克多 MJOLNIR METALLIC GB 雷神之锤限量版礼盒,4U,- ,G5,≤30LBS,817.0,654.0
605,COLUMBIA Cls2200,哥伦比亚2200,威克多 VICTOR,哥伦比亚系列,未知,3U、4U,665mm ,-,≤26LBS,400.0,320.0
7118,HYPERNANO X 6SP,纳米6 HX6SP HX-6SP,威克多 VICTOR,HX系列,2018年夏季,4U,675mm ,G5,≤26LBS,350.0,280.0
6673,THRUSTER K 220H,突击220H TK220h TK-220H,威克多 VICTOR,突击系列,未知,3U、4U,675mm ,G4、G5,≤36LBS,332.0,266.0
19276,BRAVE SWORD LTD PRO,亮剑LTDPRO BRSLTDPRO,威克多 VICTOR,亮剑系列,未知,3U、4U,- ,G5,3U≤28LBS、4U≤26LBS,221.0,177.0
8406,THRUSTER K 9988,TK-9988 TK9988 突击9988,威克多 VICTOR,突击系列,2019年夏季,3U,675mm ,G4、G5,18-22LBS,64.0,51.0
9921,Drivex R,驭R DX-R DXR,威克多 VICTOR,驭系列,2021年夏季,4U、5U,675mm ,G5、G6,4U≤28LBS、5U≤27LBS,338.0,270.0
6168,THRUSTER K 15,TK-15 突击15 TK15,威克多 VICTOR,突击系列,2014年,4U&5U,675mm ,G5,4U≤27LBS、5U≤25LBS,369.0,295.0
31,power waves15,威力波15,威克多 VICTOR,威力波系列,未知,3U、4U,675mm ,-,横线(H)25-28LBS、竖线(V)23-26LBS,332.0,266.0
21371,THRUSTER K 99 琥珀金,TK99琥珀金 突击99,威克多 VICTOR,突击系列,2024年,4U、5U,- ,-,4U≤29LBS、5U≤28LBS,171.0,137.0
7147,THRUSTER K 15N,TK-15N 突击15 TK15N,威克多 VICTOR,突击系列,未知,4U、5U,675mm ,G5、G6,4U≤27LBS、5U≤25LBS,326.0,261.0
8504,CHALLENGER 9500C,挑战者9500C CHA-9500C CHA9500C Challenge9500C,威克多 VICTOR,挑战者系列,未知,3U、4U,675mm ,G5,3U（H≤26LBS、V≤24LBS）、4U（H≤24LBS、V≤22LBS）,168.0,134.0
6907,METEOR X 80B,尖锋80B MX80B MX-80B,威克多 VICTOR,尖锋系列,未知,3U、4U,675mm ,G4、G5,≤31LBS,562.0,450.0
6134,BRAVE SWORD 12 L,BRS12L 亮剑12L BRS-12L,威克多 VICTOR,亮剑系列,未知,3U、4U,675mm ,G5、G6,3U≤30LBS、4U≤28LBS,597.0,350.0
9149,CHALLENGER 7350,挑战者7350,威克多 VICTOR,挑战者系列,2013年春季,3U,675mm ,G2,3U≤24LBS、4U≤22LBS,292.0,234.0
20877,THRUSTER T500,TKT500 突击T500,威克多 VICTOR,突击系列,2024年,3U、4U,- ,G5,3U≤32LBS、4U≤31LBS,448.0,358.0
6462,BRAVE SWORD 12 N,亮剑12N BRS-12N BRS12N,威克多 VICTOR,亮剑系列,未知,3U、4U,675mm ,G4,3U≤30LBS、4U≤28LBS,513.0,410.0
20880,JETSPEED S 12 II 黑/蓝,极速12II JS-12II JS12二代 极速12二代 JS12II,威克多 VICTOR,极速系列,2024年,3U、4U,675mm ,G5,3U≤30LBS、4U≤29LBS,980.0,830.0
10447,METEOR X 260,尖锋260 MX-260 MX260,威克多 VICTOR,尖锋系列,未知,3U、4U,675mm ,-,3U≤28LBS、4U≤26LBS,398.0,318.0
17817,DriveX F,驭F DX-F 驭-F DXF,威克多 VICTOR,驭系列,2024年1月,4U、5U,675mm ,G5、G6,4U≤29LBS、5U≤28LBS,715.0,572.0
10364,DriveX 巭,DX巭 DX-巭 功夫 巭,威克多 VICTOR,驭系列,2021年10月,4U、5U,675mm ,G5、G6,4U≤28LBS、5U≤27LBS,716.0,659.0
6892,THRUSTER K ONIGIRI NEW 鬼斩,TK鬼斩 鬼斩 TKONIGIRI TK-ONIGIRI,威克多 VICTOR,突击系列,未知,4U、5U,675mm ,G5、G6,4U≤29LBS、5U≤27LBS,1032.0,826.0
12223,THRUSTER K POWER,突击POWER TKPOWER TK-POWER 大铁锤,威克多 VICTOR,突击系列,未知,4U、5U,675mm ,-,4U≤29LBS、5U≤27LBS,230.0,114.0
19777,THRUSTER K 6 C,突击6C TK6C TK-6C,威克多 VICTOR,突击系列,未知,4U、5U,675mm ,G5,5U≤28LBS、4U≤30LBS,188.0,150.0
19614,THRUSTER K FLY HIGH PRO,TKFHPRO tk翀PRO tk-翀PRO TK-FHPRO,威克多 VICTOR,突击系列,未知,4U、5U,675mm ,G5、G6,4U≤30LBS、5U≤29LBS,200.0,160.0
17269,THRUSTER K FLY HIGH,TK-FH TKFH 突击FH 突击翀 TK翀,威克多 VICTOR,突击系列,未知,4U、5U,675mm ,G5、G6,4U≤31LBS、5U≤30LBS,164.0,131.0
9813,JETSPEED S 2SP,极速2SP JS-2SP JS2SP,威克多 VICTOR,极速系列,2018年夏季,3U、4U,675mm ,G5,3U≤28LBS、4U≤27LBS,271.0,216.0
7641,JETSPEED S 05,极速05 JS05 JS-05,威克多 VICTOR,极速系列,2015年冬季,3U、4U,675mm ,G4、G5,24-25LBS,393.0,314.0
11769,AURASPEED 夯,ARS夯 ARS-夯 神速夯,威克多 VICTOR,神速系列,2022年秋季,3U、4U,675mm ,G5,3U ≤31LBS、4U ≤30LBS,582.0,376.0
19733,DriveX METALLIC,DXM 驭M,威克多 VICTOR,驭系列,2024年6月,3U、4U,675mm ,G5,3U≤29LBS、4U≤28LBS,635.0,462.0
13050,THRUSTER RYUGA TD,龙牙TD 龙牙之刃TD TK-RYUGA,威克多 VICTOR,突击系列,2023年3月,4U,675mm ,G5,4U≤29LBS,562.0,384.0
10117,COLUMBIA 2,哥伦比亚2 CL-2 COLUMBIA2,威克多 VICTOR,哥伦比亚系列,2018年,3U、4U,675mm ,G5,≤28LBS（3U）、≤27LBS（4U）,600.0,320.0
8182,JETSPEED S 12TD,JS12TD 极速12TD JS-12TD,威克多 VICTOR,极速系列,2020年,3U、4U,675mm ,G5、G6,3U≤27LBS、4U≤26LBS,351.0,265.0
6895,THRUSTER K ONIGIRI 蓝绿,突击鬼斩 鬼斩 TKONIGIRI TK-ONIGIRI,威克多 VICTOR,突击系列,2018年10月,4U、5U,675mm ,G5、G6,4U≤29LBS、5U≤27LBS,671.0,401.0
6981,JETSPEED S 10,JS10 极速10,威克多 VICTOR,极速系列,2015年,3U、4U、5U,675mm ,G5,3U≤28LBS、4U≤27LBS,1069.0,723.0
16794,DriveX 7SP,DX-7SP 驭7sp DriveX7SP DX7SP,威克多 VICTOR,驭系列,未知,3U、4U,675mm ,G5、G6,3U≤28LBS(12.5kg) 、4U≤26LBS(11.5kg),401.0,230.0
19734,AURASPEED CYBER,ARSCYBER 神速赛博 神速CYBER,威克多 VICTOR,神速系列,2024年8月,3U、4U,675mm ,G5,3U≤29LBS、4U≤28LBS,658.0,526.0
18677,AURASPEED 90K METALLIC,神速90KM ARS90KM ARS-90KM,威克多 VICTOR,神速系列,2024年5月,3U、4U,- ,G5,≤30LBS,1020.0,788.0
12467,JETSPEED S EPIC,极速EPIC JSEPIC JS-EPIC 兰博基尼,威克多 VICTOR,极速系列,2016年7月,3U、4U,675mm ,G5,≤27LBS,366.0,293.0
16609,AURASPEED 90F 紫/粉,神速90F ARS90F AURASPEED90F,威克多 VICTOR,神速系列,2023年5月,4U、5U,675mm ,G6,4U≤28LBS、5U≤27LBS,839.0,600.0
14581,THRUSTER K HWQL,TKHWQL TK-HWQL 小核武,威克多 VICTOR,突击系列,未知,5U、6U,675mm ,G5,5U≤30LBS、6U≤29LBS,256.0,204.0
13059,AURASPEED-LJH,神速LJH ARS-LJH,威克多 VICTOR,神速系列,2023年2月,4U,675mm ,G6,4U≤29LBS,887.0,440.0
17615,AURASPEED 50A,神速50A ARS50A,威克多 VICTOR,神速系列,未知,3U、4U,675mm ,G5,3U≤28LBS、4U≤27LBS,448.0,312.0
7747,DriveX 5H,DX5H DZ-5H 驭5H,威克多 VICTOR,驭系列,2019年冬季,3U、4U,675mm ,G5、G6,3U≤34LBS、4U≤33LBS,313.0,275.0
19747,THRUSTER Onigiri PRO,TK鬼斩PRO 大鬼斩PRO,威克多 VICTOR,突击系列,2024年,4U、5U,- ,G5,4U≤29LBS、5U≤27LBS,920.0,498.0
17825,THRUSTER RYUGA 龙牙之刃 中公赛纪念版,TK-龙牙 TK-RYUGA TK龙牙,威克多 VICTOR,突击系列,2023年,3U,675mm ,G5,≤32LBS,1006.0,843.0
18823,AURASPEED HS PLUS WT,ARS-HSPLUS 神速HSPLUS 2023世界巡回赛总决赛系列,威克多 VICTOR,神速系列,2023年冬季,3U、4U,- ,G5,3U≤29LBS、4U≤28LBS,1235.0,965.0
6488,JETSPEED S 12,极速12 JS12 JS-12,威克多 VICTOR,极速系列,2016年,3U、4U,675mm ,G4、G5,3U≤30LBS、4U≤29LB,625.0,500.0
16620,CHALLENGER 9500 PRO,挑战者9500pro,威克多 VICTOR,挑战者系列,2023年7月,3U、4U,675mm ,G5、G6,3U≤28LBS、4U≤26LBS,233.0,180.0
10899,JETSPEED S 10 黑金,极速10黑金 JS-10新色 JS10黑金 黑金刀 极速10C JS10C,威克多 VICTOR,极速系列,2022年,3U、4U,675mm ,G5,3U≤28LBS、4U≤27LBS,876.0,625.0
7443,AURASPEED 98K,神速98K ARS98K ARS-98K AURASPEED98K,威克多 VICTOR,神速系列,2019年9月,3U、4U,675mm ,G5,3U≤29LBS、4U≤28LBS,653.0,388.0
11317,THRUSTER K FIRE WORKS,突击FW 大呲花 TKFWQ TKFWC TKFIREWORKS 突击烟花 YK烟花,威克多 VICTOR,突击系列,未知,4U、5U,675mm ,G5、G6,4U≤29LBS、5U≤28LBS,187.0,150.0
6441,THRUSTER K 9000,TK-9000 TK9000 突击9000,威克多 VICTOR,突击系列,未知,3U、4U,675mm ,G5,3U≤30LBS、4U≤28LBS,447.0,358.0
7585,BRAVE SWORD 1900,亮剑1900 BRS1900 BRS-1900,威克多 VICTOR,亮剑系列,2016年夏季,3U、4U,675mm ,G4、G5,3U≤26LBS、4U≤24LBS,286.0,229.0
10983,THRUSTER K 8L,TK-8L 突击8L TK8L,威克多 VICTOR,突击系列,未知,4U、5U,675mm ,-,4U≤30LBS、5U≤28LBS,189.0,151.0
9235,CHALLENGER 9500S/D,挑战者9500S CHA-9500S 挑战者9500D CHA-9500D,威克多 VICTOR,挑战者系列,未知,3U、4U,675mm ,G4、G5,3U≤26LBS、4U≤24LBS,173.0,138.0
7325,AURASPEED 90K,神速90K AURASPEED90K ARS90K ARS-90K,威克多 VICTOR,神速系列,2019年夏季,3U、4U,675mm ,G6、G5,3U ≤30LBS、4U ≤29LBS,868.0,581.0
6927,AURASPEED 90S,神速90S AURASPEED90S ARS90S ARS-90S,威克多 VICTOR,神速系列,2018年冬季,3U、4U,675mm ,G5、G6,3U ≤30LBS、4U ≤29LBS,937.0,545.0
2301,BRAVE SWORD 11,BRS11 亮剑11,威克多 VICTOR,亮剑系列,2009年,3U、4U,675mm ,-,3U≤30LBS、4U≤28LBS,520.0,433.0
7573,THRUSTER K 30N,TK-30N TK30N 小鬼斩 突击30N,威克多 VICTOR,突击系列,2016年秋季,3U、4U,675mm ,G4、G5,3U≤28LBS、4U≤27LBS,443.0,268.0
8139,THRUSTER K 110,TK-110 突击110 TK110,威克多 VICTOR,突击系列,未知,3U、4U,675mm ,G5,≤24LBS,31.0,25.0
18567,THRUSTER K CM,突击窜天猴 TK窜天猴 TKCM TK-CM,威克多 VICTOR,突击系列,2023年11月,3U、4U,675 mm ,G5,3U≤28LBS、4U≤27LBS,468.0,353.0
6443,HYPERNANO X 7SP,hx7sp HX7 HX-7SP 纳米7SP,威克多 VICTOR,HX系列,未知,3U、4U,675mm ,G5,3U≤28LBS、4U≤26LBS,351.0,168.0
15974,AURASPEED 9000,神速9000 ARS9000 AURASPEED9000,威克多 VICTOR,神速系列,未知,4U,675mm ,G5,≤30LBS,259.0,207.0
6793,THRUSTER K BXR 拳击手,TK-BXR TKBXR 拳击手 BOXER,威克多 VICTOR,突击系列,未知,4U、5U,675mm ,G5、G6,≤31LBS,908.0,625.0
17282,THRUSTER K 30 PRO,TK30Pro 突击30Pro TK-30Pro 小鬼斩Pro,威克多 VICTOR,突击系列,未知,3U、4U,675mm ,G5、G6,3U≤28LBS、4U≤27LBS,486.0,378.0
9732,THRUSTER K FC LTD,白金利爪LTD TK-FCLTD TKFCLTD,威克多 VICTOR,突击系列,2021年6月,4U,675mm ,G5,≤31LBS,1185.0,685.0
10559,THRUSTER F 隼 SE,TKFSE 黑金隼se TK-F,威克多 VICTOR,突击系列,未知,4U,675mm ,G5,≤31LBS,1200.0,960.0
6459,THRUSTER K 770HT,TK-770HT 突击770ht TK770ht,威克多 VICTOR,突击系列,未知,3U、4U,675mm ,G4、G5,3U≤33LBS、4U≤32LBS,273.0,145.0
16797,DriveX 6SP,DX-6SP 驭6SP,威克多 VICTOR,驭系列,未知,3U、4U,675mm ,G5、G6,3U≤28LBS(12.5kg) 、4U≤26LBS(11.5kg),421.0,337.0
20120,THRUSTER SR,TKSR 突击SR TK-SR,威克多 VICTOR,突击系列,未知,4U、5U,675mm ,G5,4U≤30LBS、5U≤28LBS,256.0,205.0
4045,Carbonex 15,CAB-15 CAB15,尤尼克斯 YONEX,CAB系列,1982年,2U,664mm ,G3、G4、G5,16-20LBS,255.0,204.0
12230,NANORAY 95DXSE,NR-95DXSE NR95DXSE,尤尼克斯 YONEX,锐速系列,未知,3U,675mm ,G4,22-33LBS,205.0,164.0
8059,DUORA 6 珍珠白,双刃6 DUORA6 DUO6YX,尤尼克斯 YONEX,双刃系列,2019年秋季,4U,675mm ,G4、G5,17-22LBS,408.0,326.0
7648,VOLTRIC 1 LCW,VT1LCW VT1-LCW voltric1LCW,尤尼克斯 YONEX,威力系列,未知,4U,675mm ,G4、G5,19-24LBS,387.0,480.0
21523,VOLTRIC D33,VTD33 威力D33,尤尼克斯 YONEX,威力系列,未知,4U,674mm ,-,19-24LBS,231.0,184.0
9109,ASTORX CS,ASTORXCS 天斧CS AXCS AX-CS,尤尼克斯 YONEX,天斧系列,未知,5U,675mm ,G5,19-26LBS,439.0,351.0
11429,ASTROX 101,天斧101 AX101,尤尼克斯 YONEX,天斧系列,2022年春季,4U,675mm ,-,20-28LBS,423.0,338.0
6705,DUORA 33,双刃33 DUORA33,尤尼克斯 YONEX,双刃系列,未知,4U,675mm ,G5,19-24LBS,447.0,357.0
6933,DUORA 55 蓝绿,双刃55 DUORA55,尤尼克斯 YONEX,双刃系列,未知,3U、4U,675mm ,G4、G5,3U（19-26LBS）、4U（19-24LBS）,350.0,280.0
466,ARMORTEC 300,AT300,尤尼克斯 YONEX,AT系列,未知,3U、4U,674mm ,G3、G4、G5,3U（20-23LBS）、4U（19-22LBS）,327.0,262.0
11045,VOLTRIC 9,威力9 VT9 VT-9,尤尼克斯 YONEX,威力系列,2012年,3U,672mm ,G4、G5,19-24LBS,430.0,344.0
460,MUSCLE POWER 66,MP-66 MP66,尤尼克斯 YONEX,MP系列,2003,3U,674mm ,G3、G4、G5,17-20LBS,438.0,350.0
478,NANOSPEED 9000 Type X,NS9000X,尤尼克斯 YONEX,NS系列,2006,2U、3U,674mm ,G3、G4、G5,2U（20-25LBS）、3U（19-24LBS）,211.0,169.0
9139,ASTROX 88S TOUR 翡翠蓝,天斧88STOUR 88STOUR AX88S-T AX88ST 天斧88ST,尤尼克斯 YONEX,天斧系列,2021年3月,3U、4U,670mm ,G4、G5,3U（21-29LBS)、4U（20-28LBS）,717.0,410.0
7589,ASTROX 77 BP,天斧77bp ASTROX77BP AX77BP,尤尼克斯 YONEX,天斧系列,未知,4U,675mm ,G5,20-28LBS,429.0,343.0
10006,DUORA 7 BP,双刃7BP DUORA7BP,尤尼克斯 YONEX,双刃系列,未知,3U,675mm ,G5,19-24LBS,225.0,180.0
12071,DUORA 6 BP,双刃6BP DUO6BP,尤尼克斯 YONEX,双刃系列,未知,4U,675mm ,G5,17-22LBS,326.0,261.0
15998,VOLTRIC FB 黑/玫红,VTFB VT-FB,尤尼克斯 YONEX,威力系列,未知,5U、6U,675mm ,G5、G6,19-24LBS,209.0,167.0
6569,VOLTRIC FB,威力FB VTFB VT-FB,尤尼克斯 YONEX,威力系列,2017年2月,5U、6U,675mm ,G5、G6,19-24LBS,368.0,294.0
8298,VOLTRIC FB BP,VTFBBP,尤尼克斯 YONEX,威力系列,未知,6U,675mm ,G5,19-24BS,220.0,176.0
9039,VOLTRIC 80 ETN BP,VT80ETNBP,尤尼克斯 YONEX,威力系列,未知,4U,675mm ,G5,19-26LBS,260.0,208.0
9451,VOLTRIC 8 LD,VT8LD VT-8LD,尤尼克斯 YONEX,威力系列,未知,4U,675mm ,G4、G5,19-26LBS,3375.0,2700.0
16610,DriveX 10 METALLIC,DriveX10 DX-10 DX10 驭10,威克多 VICTOR,驭系列,2023年7月,3U、4U,675mm ,G5,3U≤29LBS、4U≤28LBS,935.0,624.0
9680,AURASPEED 60,神速60 ARS60 ARS-60 AURASPEED60,威克多 VICTOR,神速系列,2019年秋季,3U、4U,675mm ,G5,3U≤30LBS、4U≤29LBS,516.0,413.0
6732,DUORA 9,双刃9 DUORA9,尤尼克斯 YONEX,双刃系列,未知,4U,675mm ,G4,19-26LBS,297.0,237.0
8558,JETSPEED S 12 II,极速12II JS-12II JS12二代 极速12二代 JS12II,威克多 VICTOR,极速系列,2020年夏季,3U、4U,675mm ,G5,3U≤30LBS、4U≤29LBS,848.0,649.0
6638,HYPERNANO X AIR,HX-AIR HXAIR,威克多 VICTOR,HX系列,未知,4U、5U,675mm ,-,4U≤27LBS、5U≤26LBS,203.0,162.0
6453,THRUSTER K 9900,TK-9900 突击9900 TK9900,威克多 VICTOR,突击系列,2015,3U、4U 、5U,675mm ,G4、 G5、 G6,3U≤35LBS、4U≤33LBS、5U≤31LBS,1000.0,800.0
6335,THRUSTER K ONIGIRI 鬼斩,TK鬼斩 大鬼斩 TK-ONIGIRI TKNIGIRI,威克多 VICTOR,突击系列,2015,4U、5U,675mm ,G5、G6,4U≤29LBS、5U≤27LBS,685.0,402.0
19731,THRUSTER RYUGA MUSE,龙牙缪斯 龙牙MUSE 龙牙之刃缪斯,威克多 VICTOR,突击系列,2024年5月28日,5U,675mm ,G6,≤30LBS,1029.0,806.0
6684,THRUSTER F 隼,TK-F TKF 突击F隼,威克多 VICTOR,突击系列,2017年12月,3U、4U、5U,675mm ,G5、G6,3U≤32LBS、4U≤31LBS、5U≤30LBS,871.0,587.0
21883,THRUSTER K CNY GB,TK-CNYGB 平步青云,威克多 VICTOR,突击系列,2024年,4U,- ,G5,≤31LBS,325.0,260.0
8611,THRUSTER F 隼 黑金,黑金隼 黑隼 TKF隼 突击隼 TKF隼 TK-F隼,威克多 VICTOR,突击系列,2021年,3U、4U,675mm ,G5,3U≤32LBS、4U≤31LBS,1021.0,745.0
13060,AURASPEED 90K Ⅱ,ARS-90KⅡ 神速90k二代 ARS90KⅡ AURASPEED90K2,威克多 VICTOR,神速系列,2022年10月,3U、4U,675mm ,G5,≤31lbs（14kg） ≤30lbs（13.5kg）,805.0,526.0
10363,AURASPEED HS,神速HS ARS-HS,威克多 VICTOR,神速系列,2022年春季,3U、4U,675mm ,G5,3U≤29LBS、4U≤28LBS,816.0,545.0
769,SUPER NANO 7,SN7 超级纳米7 SN-7 纳米七,威克多 VICTOR,超级纳米系列,未知,3U、4U,675mm ,G4、G5,≤28LBS,359.0,180.0
11566,THRUSTER RYUGA Ⅱ,TK-RYUGAll 龙牙2 龙牙之刃2,威克多 VICTOR,突击系列,2022年,3U、4U,675mm ,G5,3U≤32LBS、4U≤31LBS,936.0,573.0
21895,,未知,尤尼克斯 YONEX,,YONEX尤尼克斯 AEROTUS 80 LONG 羽毛球拍,2U,- ,G4,-,279.0,223.0
10858,NANOFLARE 555,疾光555 NF-555 NF555,尤尼克斯 YONEX,疾光系列,2021年冬季,4U,675mm ,G5,20-28LBS,833.0,666.0
2149,NANOSPEED 8000（老款）,NS-8000 NS8000,尤尼克斯 YONEX,NS系列,2005.04,2U、3U,674mm ,G3、G4、G5,19-24LBS,1125.0,900.0
6354,VOLTRIC 70ETN,威力70ETN vt70etn vt70,尤尼克斯 YONEX,威力系列,2014年9月,3U、4U,675mm ,G4、G5,20-25LBS,1984.0,559.0
7754,ARCSABER 2 TOUR,弓箭2tour ARC2tour 弓剑2tour,尤尼克斯 YONEX,弓剑系列,未知,3U,675mm ,G5,17-22LBS,420.0,336.0
5781,VOLTRIC 7,威力7 VT-7 VT7,尤尼克斯 YONEX,威力系列,未知,3U、4U,675mm ,G4、G5,19-24LBS,435.0,348.0
58,NC TUFF 9 LT,未知,尤尼克斯 YONEX,Nc Tuff系列,YONEX尤尼克斯 NC TUFF 9 LT款羽毛球拍,3U,675mm ,G4、G5,-,314.0,251.0
15938,VOLTRIC 100 Taufik,VT100TAUFIK 威力100陶菲克,尤尼克斯 YONEX,威力系列,未知,4U,- ,-,-,462.0,370.0
6481,CARBONEX 8400TI,CAB-8400,尤尼克斯 YONEX,CAB系列,由于是BOX拍框所以耐打，质量稳定，小拍面挥拍速度快，要求较高。,2U,664mm ,G3、G4、G5,17-22LBS,261.0,209.0
9140,ASTROX 88D TOUR 驼金色,天斧88DTOUR 88DTOUR AX88D-T AX88DT 天斧88DT,尤尼克斯 YONEX,天斧系列,2021年3月,3U、4U,675mm ,G4、G5,3U（21-29LBS）、4U（20-28LBS）,936.0,738.0
6731,DUORA SS,双刃SS DUORASS DUO-SSYX DSS,尤尼克斯 YONEX,双刃系列,未知,3U、4U,675mm ,G4、G5,3U（19-26LBS）、4U（19-24LBS）,988.0,645.0
20659,NANOFLARE Starbucks,NF星巴克 疾光星巴克,尤尼克斯 YONEX,疾光系列,2024年,4U,- ,G5,19-27LBS,400.0,320.0
14179,ASTROX 77 PLAY 深橙色,天斧77play 77play AX77pl,尤尼克斯 YONEX,天斧系列,未知,4U,675mm ,G5、G6,19-27LBS,280.0,224.0
6397,NANORAY 900,锐速900 NR900 NR-900,尤尼克斯 YONEX,锐速系列,未知,3U 、2U,675mm ,G4、G5,2U（20-25LBS）、3U（19-24LBS）,782.0,626.0
9051,ASTROX 7 DG,AX7DG 天斧7DG AX-7DG,尤尼克斯 YONEX,天斧系列,未知,4U,675mm ,G5,20-35LBS,390.0,312.0
6977,VOLTRIC LD9,威力LD9 VTLD9 VT-LD9,尤尼克斯 YONEX,威力系列,未知,4U,674mm ,G4、G5,19-24LBS,268.0,214.0
8235,B-600 Prowess,未知,尤尼克斯 YONEX,其它系列,木质球拍,-,664mm ,-,-,491.0,393.0
19453,ASTROX 88D GAME 黑/银,天斧88DGAME新色 AX88DGAME新色 3AX88D-GEX,尤尼克斯 YONEX,天斧系列,2024年3月22日,4U,675mm ,G5、G6,20-28LBS,621.0,330.0
14177,ASTROX 77 TOUR 深橙色,天斧77tour 77tour ax77t,尤尼克斯 YONEX,天斧系列,未知,3U、4U,675mm ,G4、G5、G6,3U（20-28LBS）、4U（19-27LBS）,739.0,470.0
462,MUSCLE POWER 99,MP99 MP-99,尤尼克斯 YONEX,MP系列,2002年,2U、3U,674mm ,G3、G4、G5,19-23LBS,249.0,199.0
6747,ASTROX 22,天斧22 ASTROX22 AX22 AX22EX,尤尼克斯 YONEX,天斧系列,未知,2F（7U）,675mm ,G4、G5、G6,20-28LBS,515.0,412.0
10597,ASTROX 70,天斧70 AX70,尤尼克斯 YONEX,天斧系列,2021年11月,4U,675mm ,G5、G6,18-26LBS,1063.0,699.0
3476,ARCSABER 9FL,Arc9FL 弓箭9FL 弓剑9FL,尤尼克斯 YONEX,弓剑系列,未知,3U,674mm ,G4、G5,19-24LBS,451.0,361.0
20635,NANOFLARE 1000Z 加油红纪念款,纪念版1000Z 加油红1000Z 疾光1000Z NF1000Z 国羽专属加油红纪念限量套装,尤尼克斯 YONEX,疾光系列,2024年,4U,675mm ,G5,硬,3708.0,2966.0
6535,DUORA 6,双刃6 Duora6,尤尼克斯 YONEX,双刃系列,2016年9月,4U,675mm ,G5,17-22LBS,231.0,185.0
9565,B7000MDM,B7000MGE,尤尼克斯 YONEX,传奇系列,未知,U,675mm ,G4,16-20LBS,50.0,40.0
3452,VOLTRIC 70,VT70 威力70 VT-70,尤尼克斯 YONEX,威力系列,2010年,3U、4U,674mm ,G4、G5,3U（20-25LBS）、4U（19-24LBS）,477.0,381.0
7080,ASTROX 38 S,天斧38S AX38SEX AX38S,尤尼克斯 YONEX,天斧系列,未知,4U,670mm ,G4、G5,20-28LBS,250.0,200.0
15280,NANOFLARE 370 SPEED 蓝/黑,NF370 NF-370SPEX 疾光370新色,尤尼克斯 YONEX,疾光系列,未知,4U 、5U,675mm ,G4、G5,4U（20-27LBS）、5U（19-26LBS）,365.0,292.0
7415,ARCSABER D8,弓箭d8 ARCD8 弓剑D8,尤尼克斯 YONEX,弓剑系列,2012年,3U,674mm ,-,19-24LBS,566.0,453.0
5866,ARCSABER FB 蓝绿,弓箭fb ARCFB ARC-FB 弓剑FB,尤尼克斯 YONEX,弓剑系列,2013年,3U、6U,675mm ,G5、G6,19-24LBS,750.0,600.0
463,MUSCLE POWER 100,MP-100 MP100,尤尼克斯 YONEX,MP系列,未知,3U、2U,674mm ,G4、G5,2U（18-22LBS）、3U（16-20LBS）,299.0,239.0
12300,NANORAY 100,锐速100 NR-100 NR100,尤尼克斯 YONEX,锐速系列,未知,3U,674mm ,G4、G5,20-27LBS,264.0,211.0
18410,ARCSABER 11 PRO 海军蓝/红色,郑思维,尤尼克斯 YONEX,弓剑系列,2023年11月,4U,675mm ,G5,19-27LBS,2822.0,2293.0
7838,DUORA Z-STRIKE BP 红白,DZSBP DZS 双刃ZS DUORAZS 党支书,尤尼克斯 YONEX,双刃系列,2020年,3U,675mm ,G5,20-28lbs,257.0,206.0
6101,VOLTRIC Z-FORCE Ⅱ,VTZF2 VT-ZF2,尤尼克斯 YONEX,威力系列,2014年2月,3U、4U,675mm ,G4、G5、G6,3U(21-28LBS)、4U(20-27LBS),3167.0,1137.0
10390,NANOSPEED X-3,NSX-3 NSX3,尤尼克斯 YONEX,NS系列,未知,3U,675mm ,G4、G5,19-24LBS,688.0,550.0
6803,NANOFLARE 270 SPEED,NF-270SPEX NF270S 疾光270,尤尼克斯 YONEX,疾光系列,2019年3月上市,4U、5U,675mm ,G4、G5,4U（20-27LBS）、5U（19-26LBS）,410.0,328.0
20987,NANOFLARE 700 PLAY 午夜紫/银·天空蓝,2NF700-PLCR NF700PLAY 疾光700PLAY,尤尼克斯 YONEX,疾光系列,2024年,4U,675mm ,G5,20-28LBS,303.0,242.0
7373,NANORAY Z SPEED BP,NRZSPBP,尤尼克斯 YONEX,锐速系列,未知,3U,675mm ,G5,20-27LBS,2125.0,1700.0
6877,DUORA 10 YX 橙蓝,Duora10 双刃10 DUO10YX duora10lv,尤尼克斯 YONEX,双刃系列,未知,2U、3U,675mm ,G4、G5,2U（20-27LBS）、3U（19-26LBS）,2440.0,847.0
7341,ASTROX 39,天斧39 AX39GE ASTROX39 AX39,尤尼克斯 YONEX,天斧系列,2018年秋季,4U,675mm ,G4、G5,20-28LBS,419.0,335.0
18411,ASTROX 77 PRO 玫红色,陈雨菲,尤尼克斯 YONEX,天斧系列,2023年11月,4U,675mm ,G5,20-28LBS,2171.0,1268.0
2886,ARCSABER 8DX,8DX ARC8DX ARC-8DX 弓箭8DX 弓剑8DX,尤尼克斯 YONEX,弓剑系列,2010年,2U、3U,674mm ,G4、G5,2U（20-28LBS）、3U（19-27LBS）,389.0,160.0
6766,ASTROX 66,天斧66 AX66YX ASTROX66 ax66,尤尼克斯 YONEX,天斧系列,2018年春,4U,675mm ,G4、G5、G6,19-27LBS,910.0,728.0
19189,ASTROX 10,天斧10 AX10,尤尼克斯 YONEX,天斧系列,2024年,4U,675mm ,G5,20-28LBS,230.0,159.0
2514,MUSCLE POWER 33,MP-33 MP33,尤尼克斯 YONEX,MP系列,未知,3U,664mm ,-,17-22LBS,489.0,391.0
10956,ASTROX SV,天斧SV AXSV AXSV-SE1H AXSVSE1H,尤尼克斯 YONEX,天斧系列,2022年,4U,675mm ,G5,21-29LBS,863.0,543.0
19185,ASTROX 玄黑,天斧玄黑 AX玄黑 AXBKEX,尤尼克斯 YONEX,天斧系列,2024年,4U,675mm ,G5,20-30LBS,477.0,300.0
20912,NANOFLARE FL 白/珍珠蓝,疾光FL NFFL,尤尼克斯 YONEX,疾光系列,2024年,4U,675mm ,G5,20-28LBS,1030.0,824.0
477,NANOSPEED 9000 Type S,NS9000S,尤尼克斯 YONEX,NS系列,2006,2U、3U,674mm ,G3、G4、G5,2U（20-25LBS）、3U（19-24LBS）,462.0,370.0
13045,ARMORTEC 700LD 限量礼盒,AT700LDYX AT700-SE1H AT700LD,尤尼克斯 YONEX,AT系列,2022年07月,3U,675mm ,G5,20-28LBS,11000.0,4000.0
8877,ASTROX 88D GAME 驼金色,天斧88d AX88D-G 88DG,尤尼克斯 YONEX,天斧系列,2021年3月,3U、4U,675mm ,G4、G5,3U（21-29LBS）、4U（20-28LBS）,560.0,448.0
9520,ASTROX 100 GAME,天斧100game AX-100GEX AX100GAME AX100G,尤尼克斯 YONEX,天斧系列,2021年,3U、4U,675mm ,G5,3U（21-29LBS）、4U（20-28LBS）,615.0,257.0
10124,ASTROX 99 PLAY 白虎纹/日耀红,天斧99PLAY ASTROX99PLAY AX99PGE AX99PLAY AX99PGE,尤尼克斯 YONEX,天斧系列,2021年9月,4U,675mm ,G5,20-28LBS,360.0,186.0
2887,ARCSABER 100 Limited Edition,ARC100LTD 弓箭100ltd 弓剑100ltd,尤尼克斯 YONEX,弓剑系列,2010年,3U,674mm ,G4、G5,19-24LBS,459.0,367.0
19924,ARCSABER FB BP,弓剑FBBP ARCFBBP,尤尼克斯 YONEX,弓剑系列,未知,6U,675mm ,G5、G6,19-24LBS,439.0,351.0
7691,NANORAY 900 AH/SE,锐速900 NR900AH NR900SE,尤尼克斯 YONEX,锐速系列,2016年,3U,675±1mm ,G4、G5,19-24LBS,985.0,788.0
19183,NANOFLARE 皓白,NF皓白 疾光皓白,尤尼克斯 YONEX,疾光系列,2024年,4U,675mm ,G5,20-30LBS,429.0,343.0
1833,NANOSPEED 9900,NS9900,尤尼克斯 YONEX,NS系列,2009年2月,2U、3U,674mm ,G4、G5,19-24LBS,1500.0,800.0
8496,NANOFLARE 680T,NF-680T NF680T 疾光680T,尤尼克斯 YONEX,疾光系列,2020年,5U,675mm ,G5,20-28LBS,220.0,176.0
8301,NANOSPEED 9900 LTD,NS9900LTD NS9900LNYX NS9900 紫青双剑,尤尼克斯 YONEX,NS系列,未知,3U,675mm ,G4、G5,19-24LBS,3644.0,2915.0
18409,ASTROX 77 PRO 天空色,黄雅琼,尤尼克斯 YONEX,天斧系列,2023年11月,4U,675mm ,G5,20-28LBS,3019.0,1858.0
6482,VOLTRIC 10 DG,威力10DG VT-10DG VT10DG,尤尼克斯 YONEX,威力系列,未知,3U,675mm ,G4、G5,20-35LBS,275.0,220.0
19450,ASTROX 88S TOUR 银/黑,3AX88S-TEX 天斧88STOUR新色 AX88STOUR新色,尤尼克斯 YONEX,天斧系列,2024年3月22日,3U、4U,670mm ,G4、G5、G6,3U（21-29LBS）、4U（20-28LBS）,717.0,574.0
18381,NANOFLARE 800 PLAY,疾光800play NF800PLAY NF-800PLAY,尤尼克斯 YONEX,疾光系列,2023年11月下旬,4U,675mm ,G5、G6,20-28LBS,315.0,205.0
8397,NANOFLARE 800 LT,NF-800LTYX NF800LT 疾光800LT,尤尼克斯 YONEX,疾光系列,2020年夏季,5U,675mm ,G5、G6,19-27LBS,2338.0,1665.0
8532,ASTROX TOUGH S/D,天斧TOUGHS 天斧TOUGHD AXTGHSEX AXTGHDEX,尤尼克斯 YONEX,天斧系列,2020年夏季,4U,675mm ,G5,19-30LBS,447.0,293.0
8712,NANOFLARE SS,疾光SS NFSS NF-SS,尤尼克斯 YONEX,疾光系列,2020年秋季,4U,675mm ,G5,20-28LBS,911.0,490.0
19451,ASTROX 88D TOUR 黑/银,天斧88DTOUR新色 AX88DTOUR新色 3AX88D-TEX,尤尼克斯 YONEX,天斧系列,2024年3月22日,3U、4U,675mm ,G4、G5、G6,3U（21-29LBS）、4U（20-28LBS）,825.0,550.0
17540,NANOFLARE NEXTAGE,疾光NT NF-NX 疾光白切 白切,尤尼克斯 YONEX,疾光系列,2024年1月,4U,675mm ,G5,20-28LBS,730.0,500.0
7825,NANOFLARE 160FX 海军蓝,NF-160FXEX NF160 疾光160,尤尼克斯 YONEX,疾光系列,未知,4U、5U,675mm ,G4、G5、G6,4U（19-26LBS）、5U（19-24LBS）,249.0,199.0
18378,NANOFLARE 800 GAME,疾光80game NF-800GAME NF800GAME,尤尼克斯 YONEX,疾光系列,2023年11月下旬,4U,675mm ,G5、G6,20-28LBS,495.0,460.0
12520,ARCSABER 7 PRO 灰/黄,弓剑7pro ARC7-P ARC7PRO ARC7P,尤尼克斯 YONEX,弓剑系列,2022年8月19日,4U,675mm ,G5、G6,19-27LBS,1227.0,768.0
6604,DUORA 77 黑红,双刃77 DUORA77,尤尼克斯 YONEX,双刃系列,未知,3U,675mm ,G4、G5,19-26LBS,400.0,320.0
468,ARMORTEC 700,AT700 老七,尤尼克斯 YONEX,AT系列,2003年,3U、4U,674mm ,G3、G4、G5,3U（20-25LBS）、4U（19-24LBS）,1266.0,1013.0
9248,ASTROX 99 BP,99BP AX99BP 天斧99BP,尤尼克斯 YONEX,天斧系列,2021年9月,4U,675mm ,G5,20-28LBS,6499.0,10157.0
16305,ASTROX 100ZZ BP,AX100ZZBP 天斧100ZZBP ASTROX100ZZBP,尤尼克斯 YONEX,天斧系列,2023年2月底,4U,675mm ,G5,20-28LBS,4582.0,4450.0
13281,ASTROX 100ZZ 中国必胜礼盒版,天斧100zz礼盒版 天斧100zz中国必胜,尤尼克斯 YONEX,天斧系列,2022年8月,4U,675mm ,G5,20-28LBS,3751.0,2200.0
13180,ASTROX 88D PRO 国家队,天斧88DP AX88DP,尤尼克斯 YONEX,天斧系列,2022年,4U,675mm ,G5,20-28LBS,2348.0,1431.0
6686,ASTROX 88S,天斧88S ASTROX88S AX88SYX,尤尼克斯 YONEX,天斧系列,2018年3月,3U、4U,670mm ,G4、G5,3U（21-29LBS）、4U（20-28LBS）,1818.0,770.0
7290,VOLTRIC Z-FORCE Ⅱ LD  白色,VTZF2LD 白林丹,尤尼克斯 YONEX,威力系列,未知,3U、4U,675mm ,G4、G5,3U(21-28LBS)、4U(20-27LBS),12000.0,3148.0
7040,VOLTRIC LD-FORCE 水晶红,VTLDF VTLD-FCH VT-LDF,尤尼克斯 YONEX,威力系列,2019年5月,3U、4U,675mm ,G4、G5,3U（20-28LBS）、4U（20-27LBS）,4404.0,1456.0
6494,VOLTRIC LD-FORCE,VTLDF VT-LDF,尤尼克斯 YONEX,威力系列,未知,3U、4U,675mm ,G4、G5,3U（20-28LBS）、4U（20-27LBS）,3708.0,1279.0
6725,VOLTRIC LD-FORCE 哑光黑,威力LDFORCE VTLDF VT-LDF,尤尼克斯 YONEX,威力系列,2017年夏季,3U、4U,674mm ,G4、G5,3U（20-28LBS）、4U（19-27LBS）,8260.0,1280.0
15394,ASTROX NEXTAGE,天斧NEXTAGE AXNEXTAGE 天斧NA AXNT 天斧黑切,尤尼克斯 YONEX,天斧系列,2023年,4U,675mm ,G5,20-28LBS,682.0,353.0
11399,VOLTRIC Z-FORCE Ⅱ TH,VT-ZF2TH VTZF2TH VTZF2TBYX,尤尼克斯 YONEX,威力系列,2016年,3U、4U,675mm ,G5,3U(21-28LBS)、4U(20-27LBS),26000.0,886.0
10599,NANOFLARE 70,疾光70 NF70 NF-70,尤尼克斯 YONEX,疾光系列,2021年11月,4U,675mm ,G5、G6,18-26LBS,1170.0,936.0
480,ARCSABER 10,ARC-10 弓10 弓箭10 ARC10 弓剑10 红弓,尤尼克斯 YONEX,弓剑系列,2008年,2U、3U、4U,674mm ,G3、G4、G5,2U（20-25LBS）、3U（19-24LBS）、4U（19-24LBS）,3327.0,819.0
6422,DUORA 10 LCW 霜蓝,双刃10LCW duora10 duora10lcw,尤尼克斯 YONEX,双刃系列,2016,3U,675mm ,G4、G5,19-26LBS,3033.0,824.0
17890,ASTROX 900GC,天斧900GC AX900GC AX-900GC,尤尼克斯 YONEX,天斧系列,未知,4U,675mm ,G5,20-30LBS,411.0,329.0
6343,DUORA 10,双刃10 DUORA10,尤尼克斯 YONEX,双刃系列,2015-9,2U、3U,675mm ,G4、G5、G6,3U（19-26LBS）、 2U（20-27LBS）,1219.0,975.0
7003,NANORAY Z SPEED 黄色,锐速ZSP NR-ZSPYX NRZSP,尤尼克斯 YONEX,锐速系列,2016年春季,2U、3U,675mm ,G4、G5,3U(20-27LBS)、2U(21-28LBS),1163.0,707.0
14147,ASTROX 77 PRO 深橙色,天斧77pro 77RPO,尤尼克斯 YONEX,天斧系列,2022年10月下旬,3U、4U,675mm ,G4、G5、G6,3U（21-29LBS）、4U（20-28LBS）,1389.0,977.0
6726,ASTROX 99,天斧99 ASTROX99 AX99YX AX99,尤尼克斯 YONEX,天斧系列,2018-9-1,3U、4U,675mm ,G4、G5、G6,3U（21-29LBS）、4U（20-28LBS）,4056.0,1958.0
6023,NANORAY 750,锐速750 NR750 NR-750,尤尼克斯 YONEX,锐速系列,未知,3U,674mm ,G4、G5、G6,19-24LBS,477.0,382.0
19184,ASTROX SV 藏青色,天斧SV新色 AXSV新色,尤尼克斯 YONEX,天斧系列,2024年,4U,675mm ,G5,21-29LBS,804.0,626.0
6994,ASTROX 88D,天斧88D ASTROX88D AX88DYX,尤尼克斯 YONEX,天斧系列,2018年春季,3U、4U,675mm ,G4、G5,3U（21-29LBS）、4U（20-28LBS）,1233.0,1051.0
6571,DUORA Z-STRIKE,DZS 双刃ZS DUORAZS 党支书,尤尼克斯 YONEX,双刃系列,2017-2,2U、3U,675mm ,G4、G5,2U（21-29LBS）、3U（20-28LBS）,1317.0,854.0
16747,NANOFLARE 1000Z,疾光1000Z NF1000Z NF-1000Z NF-1000ZYX,尤尼克斯 YONEX,疾光系列,2023年6月中旬,3U、4U,675mm ,G4、G5、G6,3U（21-29LBS）、4U（20-28LBS）,1393.0,945.0
6759,ASTROX 55,天斧55 AX55YX ASTROX55 AX55,尤尼克斯 YONEX,天斧系列,2018年9月,5U,675mm ,G5、G6,19-24LBS,812.0,650.0
18377,NANOFLARE 800 PRO,疾光800pro NF800PRO NF-800PRO NF-800P,尤尼克斯 YONEX,疾光系列,2023年11月下旬,3U、4U,675mm ,G4、G5、G6,3U（21-29LBS）、4U（20-28LBS）,1410.0,1050.0
6834,DUORA 10 LCW 银蓝,Duora10lcw 双刃10LCW 宝石蓝,尤尼克斯 YONEX,双刃系列,2017,3U,675mm ,G4、G5,19-26LBS,4500.0,780.0
19393,ASTROX 88D PRO 黑/银,天斧88dpro新色 AX88DPRO新色 3AX88D-PYX,尤尼克斯 YONEX,天斧系列,2024年3月22日,3U、4U,675mm ,G4、G5、G6,3U（21-29LBS）、4U（20-28LBS）,1581.0,1240.0
9362,ASTROX 100ZZ 古红色,天斧100ZZ新色 AX100ZZ新色 100ZZ新色,尤尼克斯 YONEX,天斧系列,2021年6月,3U、4U,675mm ,G4、G5、G6,3U（21-29LBS）、4U（20-28LBS）,1736.0,1165.0
10836,ARCSABER 11 PRO 灰/红,弓剑11PRO ARC11-PYX,尤尼克斯 YONEX,弓剑系列,2022年2月25日,3U、4U,675mm ,G4、G5、G6,3U（20-28LBS）、4U（19-27LBS）,1639.0,1052.0
9706,ASTROX 99 PRO 白虎纹/日耀红,天斧99Pro ASTROX99Pro AX99Pro,尤尼克斯 YONEX,天斧系列,2021年9月,3U、4U,675mm ,G4、G5、G6,3U（21-29LBS）、4U（20-28LBS）,1452.0,933.0
8105,ASTROX 99 蓝宝石藏青,天斧99 ASTROX99 AX99,尤尼克斯 YONEX,天斧系列,2020年5月15日,3U、4U,675mm ,G4、G5、G6,3U（21-29LBS）、4U（20-28LBS）,3697.0,2091.0
10938,ARCSABER 11 TOUR 灰/红,弓剑11TOUR ARC11TOUR ARC11-T 弓11TOUR,尤尼克斯 YONEX,弓剑系列,2022年2月25日,3U、4U,675mm ,G4、G5、G6,3U（20-28LBS）、4U（19-27LBS）,771.0,613.0
7717,ASTROX 100ZZ,天斧100ZZ ASTROX100 AX100ZZ,尤尼克斯 YONEX,天斧系列,2020年3月,3U、4U,675mm ,G4、G5、G6,3U（21-29LBS）、4U（20-28LBS）,1950.0,1207.0
6419,VOLTRIC Z-FORCE Ⅱ LD 红/黄,VTZF2LD 黄林丹 红林丹,尤尼克斯 YONEX,威力系列,2015年,3U、4U,674mm ,G4、G5,3U（21-28LBS）、4U（20-27LBS）,3691.0,2008.0
10273,DUORA 10 LCW 败者为王,duora10lcw 双刃10LCW,尤尼克斯 YONEX,双刃系列,2017年,3U,675mm ,G5,19-26LBS,7999.0,763.0
479,ARCSABER 7,弓剑7 ARC7 ARCSABER7 弓箭7 弓箭七 弓7,尤尼克斯 YONEX,弓剑系列,2007,2U、3U,674mm ,G3、G4、G5,2U（20-25LBS）、3U（19-24LBS）,421.0,352.0
8875,ASTROX 88D PRO 驼金色,天斧88DP AX88D-P AX88DP 88DPRO,尤尼克斯 YONEX,天斧系列,2021年3月,3U、4U,675mm ,G4、G5、G6,3U（21-29LBS）、4U（20-28LBS）,1666.0,1099.0
7340,NANOFLARE 800,NF800 NF-800YX 疾光800,尤尼克斯 YONEX,疾光系列,2019年8月30日,3U、4U,675mm ,G4、G5、G6,3U（21-29LBS）、4U（20-28LBS）,1580.0,600.0
7837,ARCSABER 11 BP 蓝白,ARC11BP ARC-11BP 弓剑11,尤尼克斯 YONEX,弓剑系列,2020年,3U,675mm ,G5,19-24LBS,17500.0,5500.0
9025,VOLTRIC Z-FORCE Ⅱ LV,VTZF2LV VTZF2LLD,尤尼克斯 YONEX,威力系列,2015年,4U,675mm ,G4、G5,20-27LBS,3600.0,2500.0
11396,ASTROX 88S PRO BP,天斧88SPBP AX88S-PBP AX88SPROBP,尤尼克斯 YONEX,天斧系列,2022年春季,4U,670mm ,G5,20-28LBS,411.0,329.0
8874,ASTROX 88S PRO 翡翠蓝,天斧88SP AX88S-P AX88SP 88SPRO AX88SPRO,尤尼克斯 YONEX,天斧系列,2021年3月,3U、4U,670mm ,G4、G5、G6,3U（21-29LBS）、4U（20-28LBS）,1264.0,738.0
10122,ASTROX 99 TOUR 白虎纹/日耀红,天斧99TOUR AX99TEX ASTROX99TOUR AX99TOUR,尤尼克斯 YONEX,天斧系列,2021年9月,3U、4U,675mm ,G5,3U（21-29LBS）、4U（20-28LBS）,995.0,484.0
11063,NANOFLARE 700 蓝绿/洋红,NF700 疾光700新色,尤尼克斯 YONEX,疾光系列,2022年1月,4U、5U,675mm ,G5、G6,4U（20-28LBS）、5U（19-27LBS）,1236.0,874.0
11507,NANOFLARE 8S,疾光8S NF-8SGE NF8S,尤尼克斯 YONEX,疾光系列,未知,4U,675mm ,G5,20-26LBS,198.0,158.0
6350,NANORAY 700FX,锐速700FX NR700FX NR-700FX,尤尼克斯 YONEX,锐速系列,2011,3U、4U,674mm ,G4、G5,3U（20-25LBS）、4U（19-24LBS）,1200.0,300.0
7008,ARCSABER 10 TH 陶菲克,弓10 ARC10TH 弓箭10th 弓10TH 弓剑10,尤尼克斯 YONEX,弓剑系列,未知,2U、3U,675mm ,G4、G5,2U（20-25LBS）、3U（19-24LBS）,2016.0,1613.0
8401,ASTROX 33S,天斧33S AX-33S AX33S,尤尼克斯 YONEX,天斧系列,2020年夏季,6U,675mm ,-,20-28LBS,400.0,320.0
18380,NANOFLARE 800 TOUR,疾光800tour NF800TOUR NF-800TOUR,尤尼克斯 YONEX,疾光系列,2023年11月下旬,3U、4U,675mm ,G4、G5、G6,3U（21-29LBS）、4U（20-28LBS）,725.0,530.0
8114,ARCSABER 5I,ARC5I 弓箭5I ARC5I-2CR 弓剑5I 弓5i,尤尼克斯 YONEX,弓剑系列,2019年冬季,5U,675mm ,G5,20-28LBS,500.0,400.0
9521,ASTROX 100 TOUR,天斧100TOUR AX-100TEX AX100TOUR AX100T,尤尼克斯 YONEX,天斧系列,2021年夏季,3U、4U,675mm ,G4、G5,3U（21-29LBS）、4U（20-28LBS）,1009.0,603.0
10955,NANOFLARE FL,疾光FL NFFL,尤尼克斯 YONEX,疾光系列,2022年,4U,675mm ,G5,20-28LBS,498.0,398.0
9535,NANORAY 300,锐速300 NR-300 NR300,尤尼克斯 YONEX,锐速系列,未知,3U,675mm ,G4、G5,20-25LBS,450.0,360.0
10369,ASTROX 88S PLAY 翡翠蓝,天斧88SPLAY AX88SPLAY,尤尼克斯 YONEX,天斧系列,2021年秋季,4U,670mm ,G5,20-28LBS,315.0,252.0
13179,ASTROX 88S PRO 国家队,天斧88SP AX88SP,尤尼克斯 YONEX,天斧系列,2022年,4U,670mm ,G5,20-28LBS,1782.0,1123.0
15325,ASTROX 27I,天斧27i,尤尼克斯 YONEX,天斧系列,未知,5U,- ,G5,20-30LBS,204.0,163.0
8026,ARCSABER I-Slash,弓剑ISlash ISlash ArcIS 弓箭ISlash,尤尼克斯 YONEX,弓剑系列,未知,3U,675mm ,G4、G5,19-24LBS,1190.0,390.0
8029,ARCSABER 1TOUR,弓箭1TOUR ARC-1TOUR 弓剑1 ARC1TOUR ARC1TR,尤尼克斯 YONEX,弓剑系列,2013年春季,3U,675mm ,G4,17-22LBS,426.0,341.0
5842,ARCSABER 11,ARC11 弓箭11 弓11 弓剑11 ARC-11,尤尼克斯 YONEX,弓剑系列,2013年2月,2U、3U,675mm ,G4、G5,2U（20-25LBS）、3U（19-24LBS）,2156.0,896.0
7763,ASTROX 100ZX,天斧100ZX ASTROX100 AX100ZX,尤尼克斯 YONEX,天斧系列,2020年3月,3U、4U,675mm ,G4、G5,3U（21-29LBS）、4U（20-28LBS）,5654.0,463.0
19452,ASTROX 88S GAME 银/黑,天斧88SGAME新色 AX88SGAME新色 3AX88S-GEX,尤尼克斯 YONEX,天斧系列,2024年3月22日,4U,670mm ,G5、G6,20-28LBS,515.0,412.0
8586,ASTROX 22 LT,天斧22LT AX22LTEX AX22LT,尤尼克斯 YONEX,天斧系列,2020年夏季,3F（8U）,675mm ,G5,18-26LBS,494.0,395.0
6744,VOLTRIC 800 LITE,威力800LITE VT-800LITE VT800LITE,尤尼克斯 YONEX,威力系列,未知,6U,675mm ,G4、G5,20-28LBS,402.0,322.0
8346,ASTROX 99 LCW TOUR,天斧99简化 天斧99LCWTOUR ax99lcwtex,尤尼克斯 YONEX,天斧系列,2020年夏季,4U,675mm ,G5,20-28LBS,680.0,400.0
7849,ARCSABER 10 珍珠白,ARC10 弓箭10 白弓 弓剑10,尤尼克斯 YONEX,弓剑系列,2017年,2U、3U,674mm ,G3、G4、G4,2U（20-25LBS）、3U（19-24LBS）,1600.0,1000.0
6874,ASTROX 68 S,天斧68S AX68SEX,尤尼克斯 YONEX,天斧系列,未知,3、/4U,670mm ,G4、G5,3U（21-29LBS）、4U（20-28LBS）,480.0,384.0
7767,NANORAY I-SPEED 亮橘,锐速ISP NRISP,尤尼克斯 YONEX,锐速系列,2019年夏季,3U,675mm ,G4、G5,19-24LBS,810.0,549.0
10127,NANORAY TOUR 9900,nr9900tour NR9900 NRTOUR9900,尤尼克斯 YONEX,锐速系列,2019年,3U,675mm ,G4,20-28LBS,202.0,161.0
17213,NANOFLARE 1000PLAY,疾光1000PALY NF1000PALY,尤尼克斯 YONEX,疾光系列,2023年六月下旬,4U,675mm ,G5、G6,20-28LBS,375.0,300.0
9053,ASTROX 10 DG,AX10DG 天斧10DG AX-10DG AX10DGEX,尤尼克斯 YONEX,天斧系列,未知,4U,675mm ,G5,20-35LBS,580.0,320.0
7414,NANOFLARE 380 SHARP,疾光380SHARP nf380SHARP nf-380SHARP,尤尼克斯 YONEX,疾光系列,未知,3U、4U,675mm ,G4、G5,3U（20-28LBS）、4U（20-27LBS）,592.0,309.0
5363,ARMORTEC 700 Premium,AT700,尤尼克斯 YONEX,AT系列,2012.4.20,3U、4U,674mm ,G3、G4、G5,3U（20-25LBS）、4U（19-24LBS）,27999.0,22399.0
6902,ASTROX 69,天斧69 AX69EX ASTROX69,尤尼克斯 YONEX,天斧系列,2019年,3U、4U,675mm ,G4、G5,3U（21-29LBS）、4U（20-28LBS）,550.0,400.0
7075,NANORAY 8,锐速8 NR8 NR8GE,尤尼克斯 YONEX,锐速系列,未知,4U,675mm ,G5,19-26LBS,94.0,75.0
10368,ASTROX 88D PLAY 驼金色,天斧88DPLAY AX88DPGE AX88DPLAY,尤尼克斯 YONEX,天斧系列,2021年秋季,4U,675mm ,G5,20-28LBS,350.0,166.0
3685,ARCSABER 5DX,ARC5DX ARC-5DX 弓箭5dx,尤尼克斯 YONEX,弓剑系列,2010年,2U、3U,674mm ,G4、G5,20-27LBS,472.0,378.0
6802,NANOFLARE 370 SPEED,NF370 NF-370SPEX 疾光370,尤尼克斯 YONEX,疾光系列,2019年3月上市,4U 、5U,675mm ,G4、G5,4U（20-27LBS）、5U（19-26LBS）,447.0,358.0
20773,ASTROX 30P,AX30P 天斧30P,尤尼克斯 YONEX,天斧系列,2024年,4U,- ,G5,20-30LBS,497.0,398.0
7563,ASTROX SMASH,天斧SMASH AXSMASH AXSMGE,尤尼克斯 YONEX,天斧系列,2019年秋季,6U,675mm ,G4、G5,20-28LBS,260.0,140.0
6804,NANOFLARE 170 LIGHT,疾光170LT NF-170LTEX,尤尼克斯 YONEX,疾光系列,2019年3月,5U,675mm ,G4、G5,19-26LBS,408.0,400.0
474,NANOSPEED 7000,NS7000,尤尼克斯 YONEX,NS系列,未知,2U、3U,674mm ,G3、G4、G5,2U（20-25LBS）、3U（19-24LBS）,2000.0,1600.0
6445,VOLTRIC 7LD,威力7LD VT-7LD VT7LD,尤尼克斯 YONEX,威力系列,未知,4U,674mm ,G4、G5,19-24LBS,471.0,377.0
6480,DUORA 7,双刃7 DUORA7,尤尼克斯 YONEX,双刃系列,2016年夏季,3U,675mm ,G4、G5,19-24LBS,575.0,460.0
1272,ARCSABER 9,弓箭9 ARC9 弓剑9 弓9,尤尼克斯 YONEX,弓剑系列,2008年9月13日,3U,674mm ,G5,19-24LBS,282.0,226.0
6487,NANORAY 20,NR-20 NR20 锐速20,尤尼克斯 YONEX,锐速系列,2015,3U,- ,G4、G5,19-24LBS,131.0,105.0
15392,ARCSABER 3,ARC-3 ARC3 弓箭3 弓剑3,尤尼克斯 YONEX,弓剑系列,未知,4U,675mm ,G5、G6,18-23LBS,665.0,532.0
6553,VOLTRIC IFORCE,威力IF VTIF VT-IF,尤尼克斯 YONEX,威力系列,未知,5U,675mm ,G5、G6,19-24LBS,1500.0,700.0
7293,DUORA 88,双刃88 DUORA88,尤尼克斯 YONEX,双刃系列,2017年冬季,3U,675mm ,G4、G5,19-26LBS,800.0,800.0
1860,MUSCLE POWER 30,MP30 MP-30,尤尼克斯 YONEX,MP系列,未知,3U,674mm ,G4,19-22LBS,295.0,236.0
7598,VOLTRIC POWER SOAR,威力SOAR VTPWSR VTPWSREX 威力PS,尤尼克斯 YONEX,威力系列,2018年秋季,5U,675mm ,G4,20-30LBS,274.0,170.0
6703,NANORAY 90 DX,锐速90DX NR90dx NR-90DX,尤尼克斯 YONEX,锐速系列,未知,4U,674mm ,G4、G5,24-30LBS,255.0,204.0
15395,NANOFLARE 300,疾光300 NF300,尤尼克斯 YONEX,疾光系列,未知,4U,675mm ,G5、G6,18-23LBS,438.0,350.0
18737,ASTROX 3 DG ST,天斧3DGST AX3DGST,尤尼克斯 YONEX,天斧系列,2023年,4U,675mm ,G4、G5,22-35LBS,339.0,271.0
674,ARMORTEC 700 LTD,AT700LTD AT700,尤尼克斯 YONEX,AT系列,未知,3U,674mm ,G3、G4、G5,20-25LBS,7110.0,788.0
19732,THRUSTER HAWK 珠光白,小隼新色 白金小隼 TKHAWK,威克多 VICTOR,突击系列,2024年7月,4U、5U,675mm ,G5、G6,4U≤27LBS、5U≤26LBS,543.0,373.0
8502,AURASPEED 100X,神速100X ARS100X AURASPEED100X ARS-100X,威克多 VICTOR,神速系列,2020年,3U、4U,675mm ,G5,3U≤29LBS、4U≤28LBS,948.0,672.0
9432,ARCSABER 100 Taufik,ARC100TH ARC100陶菲克 ARC-100TH,尤尼克斯 YONEX,弓剑系列,未知,4U,664mm ,-,19-24LBS,300.0,240.0
17815,AURASPEED HS PLUS,极音速 神速HSplus ARSHSPLUS ARS-HSPLUS,威克多 VICTOR,神速系列,2024年3月,3U、4U,675mm ,G5,3U≤29LBS、4U≤28LBS,971.0,814.0
15334,ISOMETRIC 069,ISO-069,尤尼克斯 YONEX,ISO系列,未知,3U,- ,G3、G4、G5,-,404.0,323.0
4440,CARBONEX 8黄色,B-8500O CAB-8 CAB8,尤尼克斯 YONEX,CAB系列,1978年,2U,664mm ,G2、G3、G4,16-20LBS,447.0,358.0
10422,NANOFLARE LITE 29IS,疾光29IS NFLT29ISEX NF29IS NF-29IS,尤尼克斯 YONEX,疾光系列,未知,5U,675mm ,G5,20-30LBS,444.0,355.0
6739,ASTROX 7,天斧7 ASTROX7 AX7 AX7EX,尤尼克斯 YONEX,天斧系列,未知,4U,675mm ,-,18-27LBS,256.0,205.0
6794,ASTROX 9,天斧9 ASTROX9 AX9,尤尼克斯 YONEX,天斧系列,2018年夏季,3U44U,675mm ,G4、G5,20-28LBS,439.0,351.0
6976,ASTROX 6 黑/青柠绿,天斧6 AX6EX ASTROX6,尤尼克斯 YONEX,天斧系列,未知,4U,675mm ,-,20-26LBS,205.0,164.0
19735,AURASPEED 狙,ARS狙 神速狙,威克多 VICTOR,神速系列,2024年9月,3U、4U,- ,G5,3U≤31LBS、4U≤30LBS,254.0,203.0
7740,THRUSTER HAWK,TK-HAWK TKHAWK突击猎鹰 TK猎鹰 小隼 TK小隼,威克多 VICTOR,突击系列,2020年春季,4U、5U,675mm ,G5、G6,4U≤27LBS、5U≤26LBS,456.0,320.0
9199,NANORAY SPEED,NRSPEED NRSP NR-SP,尤尼克斯 YONEX,锐速系列,未知,3U,675mm ,G3、G4、G5,20-27LBS,355.0,284.0
17816,THRUSTER RYUGA Ⅱ PRO,龙牙2PRO 龙牙之刃2PRO,威克多 VICTOR,突击系列,2024年1月,3U、4U,675mm ,G5、G6,3U≤32LBS、4U≤31LBS,1035.0,775.0
7860,ARCSABER FB 红蓝,ARC-FBCH ARCFB ARC-FB 弓箭fb 弓剑FB,尤尼克斯 YONEX,弓剑系列,未知,5U,675mm ,G5,19-24LBS,366.0,293.0
6355,VOLTRIC 80 ETN,威力80ETN VT-80ETN VT80ETN,尤尼克斯 YONEX,威力系列,2015,3U、4U,675mm ,G4、G5,3U（20-27LBS）、4U（19-26LBS）,1650.0,812.0
768,SUPER NANO 6,超级纳米6 SN6 SN-6,威克多 VICTOR,超级纳米系列,未知,3U、4U,675mm ,G5,≤28LBS,231.0,185.0
7104,NANORAY 50 FX,锐速50FX NR50FXEX,尤尼克斯 YONEX,锐速系列,未知,4U,675mm ,G4、G5,19-24LBS,500.0,400.0
19740,THRUSTER 兕,突击兕 TK兕,威克多 VICTOR,突击系列,2024年9月,3U、4U、5U,675mm ,G5、G6,3U≤36LBS、4U≤35LBS、5U≤34LBS,745.0,596.0
7093,THRUSTER HMR F/M/U,突击HMR TKHMRM 突击铁锤 TKHMRF TKHMRU,威克多 VICTOR,突击系列,未知,4U、5U,675mm ,G5、G6,4U≤32LBS、5U≤31LBS,210.0,91.0
20873,AURASPEED 100X Ultra,ARS100XULTRA 神速100XUltra,威克多 VICTOR,神速系列,2024年,3U、4U,- ,G5,3U≤31LBS、4U≤30LBS,1378.0,1102.0
20878,THRUSTER MERAK 天璇,TK天璇 突击天璇,威克多 VICTOR,突击系列,2024年,3U、4U,675mm ,G5,3U≤30LBS、4U≤29LBS,506.0,405.0
6448,THRUSTER K 30,TK30 突击30 TK-30 小鬼斩,威克多 VICTOR,突击系列,未知,3U、4U,675mm ,G5,3U≤28LBS、4U≤27LBS,458.0,332.0
19738,THRUSTER HMRL EX,小铁锤EX TKHMRLEX,威克多 VICTOR,突击系列,2024年7月,5U、6U,- ,G5、G6,5U≤28LBS、6U≤27LBS,203.0,170.0
7512,THRUSTER K FC 白金版,TK-FC TKFC 白金利爪,威克多 VICTOR,突击系列,2019年秋季,4U,675mm ,G5,≤31LBS,783.0,805.0
16437,THRUSTER K 220H Ⅱ,突击220HⅡ TK220H2 TK-220H二代 TK220H二代,威克多 VICTOR,突击系列,未知,3U、4U,675mm ,G5、G6,3U≤36LBS、4U≤35LBS,238.0,267.0
19739,,2024年7月,威克多 VICTOR,,经典铁锤进攻升级！箱型拍框导入强叠层系统，强韧耐高磅。6.8 SHAFT中杆结合悬浮核心科技手柄，手感舒适，释放进攻角度。,4U、5U,- ,G5、G6,4U≤32LBS、5U≤31LBS,376.0,158.0
8858,THRUSTER K 99,TK-99 突击99 TK99,威克多 VICTOR,突击系列,2018年夏季,4U,675mm ,G5,≤23LBS,200.0,160.0
16614,AURASPEED 90KⅡ TD,神速90k2TD ARS90k2TD AURASPEED90K2TD,威克多 VICTOR,神速系列,2023年6月,3U、4U,675mm ,G5、G6,3U≤28LBS、4U≤27LBS,605.0,395.0
16608,THRUSTER TTY,TK-TTY TKTTY TK戴资颖 突击TTY,威克多 VICTOR,突击系列,2023年8月,4U,675mm ,G5,≤31LBS,1020.0,731.0
20874,AURASPEED FANTÔME,神速影刃 ARS影刃,威克多 VICTOR,神速系列,未知,3U、4U,- ,G5,3U≤33LBS、4U≤32LBS,478.0,383.0
13158,AURASPEED 1120AL,ARS-1120AL ARS1120AL 神速1120AL,威克多 VICTOR,神速系列,未知,90-100g,665mm ,G5,≤20LBS,100.0,80.0
7264,THRUSTER HMRL H/G/A/V/U,突击铁锤 TK-HMRL,威克多 VICTOR,突击系列,未知,5U、6U,675mm ,G5、G6,5U≤28LBS、6U≤27LBS,198.0,221.0
18070,AURASPEED 30H 紫色,神速30HJ ARS-30HJ ARS30HJ,威克多 VICTOR,神速系列,2023年,3U、4U,675mm ,G5、G6,3U≤32LBS、4U≤31LBS,343.0,274.0
8257,AURASPEED SNP,神速SNP ARS-SNP 神速狙击手 ARSSNP,威克多 VICTOR,神速系列,2019年秋季,4U、5U,675mm ,G5、G6,≤30LBS,216.0,180.0
10946,DriveX NANO7,驭NANO7 DX-NANO7 DX纳米7 驭纳米7,威克多 VICTOR,驭系列,2022年,3U、4U,675mm ,G5、G6,3U≤28LBS、4U≤27LBS,453.0,213.0
18831,AURASPEED 100X TUC,ARS100XTUC 神速100XTUC 2024汤尤杯纪念款,威克多 VICTOR,神速系列,2024年,3U、4U,675mm ,G5,3U≤29LBS、4U≤28LBS,1487.0,1002.0
4024,METEOR X 80,MX80 MX-80 尖峰80,威克多 VICTOR,尖锋系列,2011年,3U、4U,675mm ,G5,3U（H≤30LBS、V≤28LBS）、4U（H≤28LBS、V≤26LBS）,721.0,385.0
17821,THRUSTER RYUGA MINI,龙牙之刃mini TK龙牙mini TK-RYUGAmini,威克多 VICTOR,突击系列,2024年1月,3U、4U,- ,G5,3U≤32LBS、4U≤30LBS,355.0,284.0
7852,EXPLORER 6550 R/C/D/F,EXP-6550 EXP6550 探险家6550,威克多 VICTOR,探险家系列,2011年,3U、4U,675mm ,"G5,4",3U最高24磅，4U最高22磅,200.0,160.0
19741,THRUSTER RYUGA CLS 紫色,小龙牙新色 TK龙牙CLS 龙牙之刃CLS,威克多 VICTOR,突击系列,2024年9月,3U、4U,- ,G5,3U≤32LBS、4U≤30LBS,340.0,272.0
8811,THRUSTER K 3,突击3 TK3 TK-3,威克多 VICTOR,突击系列,未知,4U,675mm ,G5,≤31LBS,216.0,173.0
6873,ASTROX 68 D,天斧68D AX68DEX,尤尼克斯 YONEX,天斧系列,未知,3U、4U,675mm ,G4、G5,3U（21-29LBS）、4U（20-28LBS）,550.0,440.0
19736,AURASPEED 飞刀,神速飞刀 ARS飞刀,威克多 VICTOR,神速系列,2024年8月,3U、4U,- ,G5、G6,3U≤32LBS、4U≤31LBS,288.0,230.0
19737,THRUSTER T300,突击T300 TKT300,威克多 VICTOR,突击系列,2024年5月,3U、4U,675mm ,G5,3U≤32LBS、4U≤31LBS,356.0,275.0
7189,JETSPEED YYS,JS-YYS JSYYS 极速YYS,威克多 VICTOR,极速系列,未知,3U,675mm ,G5,≤30LBS,279.0,223.0
8037,DriveX CY,DX-CY DXCY 驭CY,威克多 VICTOR,驭系列,2019年夏季,3U、4U,675mm ,G5、G6,≤30LBS,600.0,480.0
8329,JETSPEED S 7,JS7 极速7 JS-7,威克多 VICTOR,极速系列,2016年夏季,3U、4U,675mm ,G4、G5,≤30LBS,380.0,304.0
8181,JETSPEED S 12FTD,JS12FTD 极速12FTD JS-12FTD 小樱花刀,威克多 VICTOR,极速系列,2020年,3U、4U,675mm ,G5、G6,3U≤27LBS、4U≤26LBS,372.0,300.0
17243,THRUSTER K R,TK-R TKR 突击R,威克多 VICTOR,突击系列,未知,3U、4U,- ,G5,3U≤30LBS、4U≤29LBS,624.0,499.0
871,ARTERY TEC Ti99,钛99 Ti-99 脉动99 ART-99 Ti99,威克多 VICTOR,脉动系列,未知,3U、4U,675mm ,G5,3U≤30lbs、4U≤28lbs,467.0,374.0
9937,THRUSTER K 6,TK-6 突击6 TK6 TK6H TK6D,威克多 VICTOR,突击系列,2021年,4U、5U,675mm ,G5,5U≤28LBS、4U≤30LBS,156.0,125.0
7355,ARCSABER 11 BP,弓剑11BP ARC-11BP,尤尼克斯 YONEX,弓剑系列,未知,3U,675mm ,G5,19-24LBS,497.0,398.0
36,NANOSPEED 800,NS800 NS-800,尤尼克斯 YONEX,NS系列,2009年,3U,674mm ,G4、G5,22-25LBS,219.0,175.0
12521,ARCSABER 7 TOUR 灰/黄,弓剑7TOUR ARC-7T ARC7TOUR ARC7T,尤尼克斯 YONEX,弓剑系列,2022年,4U,675mm ,G5、G6,19-27LBS,698.0,350.0
7460,NANORAY D23,锐速D23 NRD23 NR-D23,尤尼克斯 YONEX,锐速系列,2016年,3U,675mm ,G4、G5,19-24LBS,437.0,350.0
6876,NANORAY 750 宝石蓝,NR750 NR-750,尤尼克斯 YONEX,锐速系列,未知,3U,675mm ,G4、G5,20-25LBS,6800.0,1000.0
197,CARBONEX 20,CAB20 CAB-20,尤尼克斯 YONEX,CAB系列,1984年,3U,664mm ,G4、G5,16-20LBS,377.0,301.0
18416,ASTROX 6FL,天斧6FL AX6FL AX-6FL,尤尼克斯 YONEX,天斧系列,未知,5U,675mm ,-,20-28LBS,334.0,267.0
7269,ASTROX 2,天斧2 AX2EX ASTROX2,尤尼克斯 YONEX,天斧系列,2018年春季,5U,675mm ,G4、G5,19-24LBS,222.0,177.0
8215,NO.3000 Collegiate,未知,尤尼克斯 YONEX,其它系列,木质球拍,-,664mm ,-,-,277.0,222.0
455,MUSCLE POWER 21,MP-21 MP21,尤尼克斯 YONEX,MP系列,未知,-,669mm ,G3、G4、G5,17-22LBS,432.0,346.0
7824,Ti 10金白,TI10 TI10二代 Ti-10,尤尼克斯 YONEX,Ti 系列,未知,2U、3U,674mm ,G4,18-22LBS,210.0,168.0
18289,NANOFLARE 700 BP 水晶红,疾光700BP NF700BP NF-700BP,尤尼克斯 YONEX,疾光系列,2023年,4U,675mm ,G5、G6,20-28LBS,2003.0,1602.0
5239,ARCSABER 008DX,弓剑008DX ARC008DX 弓箭008DX ARC-008DX,尤尼克斯 YONEX,弓剑系列,2012,3U,674mm ,G5,20-27LBS,313.0,250.0
6987,NANORAY 10,NR10 17NR10GE NANORAY10 锐速10,尤尼克斯 YONEX,锐速系列,未知,4U,675mm ,-,19-24LBS,1800.0,1440.0
20105,Isometric Zeta Lee Chong Wei,ISOZLCW,尤尼克斯 YONEX,ISO系列,未知,3U,- ,G5,-,432.0,346.0
14977,ASTROX 55A,天斧55a AX55A,尤尼克斯 YONEX,天斧系列,2022年12月中旬,5U,675mm ,G5、G6,19-24LBS,980.0,784.0
476,NANOSPEED 8000,NS8000,尤尼克斯 YONEX,NS系列,未知,3U,674mm ,G3、G4、G5,21-24LBS,440.0,352.0
4164,VOLTRIC 80,威力80 VT80,尤尼克斯 YONEX,威力系列,2011年,3U、4U,675mm ,G3、G4、G5,3U（20-27LBS）、4U（19-26LBS）,2000.0,425.0
8893,VOLTRIC 100 LIGHT LCW,VT100LTLCW,尤尼克斯 YONEX,威力系列,2017年5月,5U,675mm ,G4,19-24LBS,327.0,261.0
7823,Ti 10紫色,TI10 TI10三代 Ti-10,尤尼克斯 YONEX,Ti 系列,2008年夏季,3U,674mm ,G4,17-22LBS,310.0,248.0
13992,VOLTRIC 3LTD,VT-3LTD VT3LTD 威力3LTD,尤尼克斯 YONEX,威力系列,未知,3U,674mm ,G4、G5,19-24LBS,247.0,198.0
10865,NANORAY 60,锐速60 NR60 NR-60,尤尼克斯 YONEX,锐速系列,未知,3U、4U,675mm ,G4,19-24LBS,433.0,346.0
7452,AURASPEED CY,神速CY ARSCY ARS-CY AURASPEEDCY ARC蔡赟 神速蔡赟,威克多 VICTOR,神速系列,2019年夏季,3U、4U,675mm ,G5、G6,3U≤29LBS、4U≤28LBS,1049.0,839.0
9117,THRUSTER K 66 G,突击66G TK66G TK-66G,威克多 VICTOR,突击系列,未知,7U,675mm ,G6,≤30LBS,259.0,207.0
7501,NANOFLARE DRIVE,疾光DR NFDRIVE NFDR NF-DR NFDRGE NF-DRGE,尤尼克斯 YONEX,疾光系列,未知,4U,675mm ,G5,20-28LBS,199.0,100.0
6552,VOLTRIC 7DG,威力7DG VT7DG VT-7DG VT7DGEX,尤尼克斯 YONEX,威力系列,未知,3U,675mm ,G4、G5,24-35LBS,325.0,260.0
12523,ARCSABER 7 PLAY 灰/黄,弓剑7PLAY ARC7-PL ARC7PLAY ARC7PL,尤尼克斯 YONEX,弓剑系列,2022年8月,4U,675mm ,G5、G6,19-27LBS,246.0,197.0
7328,HYPERNANO X 60H,HX60H HX-60H,威克多 VICTOR,HX系列,2016年冬季,3U、4U,675mm ,G4、G5,≤35LBS,380.0,304.0
2766,Spira21,旋风21,威克多 VICTOR,旋风系列,元,3U、4U,675mm ,-,3U（H≤30LBS、V≤28LBS）、4U（H≤28LBS、V≤26LBS）,236.0,189.0
6835,ASTROX FB,天斧FB ASTROXFB AXFB AX-FB,尤尼克斯 YONEX,天斧系列,2017年秋季,6U,675mm ,G4、G5,20-28LBS,295.0,236.0
6896,THRUSTER 烎,TK-烎 突击烎 TK烎 开火,威克多 VICTOR,突击系列,2018年10月,4U、5U,675mm ,G5、G6,≤31LBS,500.0,400.0
6677,BRAVR SWORD 1000,亮剑1000 BSR1000 BSR-1000,威克多 VICTOR,亮剑系列,未知,3U、4U,675mm ,G5,20-26LBS,398.0,318.0
17539,NANOFLARE 002 CLEAR,疾光002C NF002C NF-002C,尤尼克斯 YONEX,疾光系列,2023年9月,4U,675mm ,G4、G5,20-30LBS,379.0,303.0
20881,,未知,威克多 VICTOR,,VICTOR威克多 THRUSTER RYUGA CLS 羽毛球拍，延续龙牙血统，箱型拍框注入进攻拍基因。鞭击增益系统结合悬浮核心科技拍柄，爆发突击性能，上手更轻松。,3U、4U,675mm ,G5,3U≤32LBS、4U≤30LBS,500.0,400.0
7612,NANORAY SL2N,锐速SL2N NRSL2N NR-SL2N,尤尼克斯 YONEX,锐速系列,2017年春季,4U,675mm ,G4、G5,19-24LBS,336.0,269.0
20177,ARCSABER 8,ARC8 弓剑8 弓箭8,尤尼克斯 YONEX,弓剑系列,未知,5U,675mm ,G5,20-30LBS,268.0,140.0
7541,JETSPEED S 9,JS-9 JS9 极速9,威克多 VICTOR,极速系列,2014年,3U、4U、5U,675mm ,G5,3U≤28LBS、4U≤26LBS,325.0,260.0
3222,ARCSABER 10 PG,弓10 ARC10 弓箭10 ARC10PG 弓剑10,尤尼克斯 YONEX,弓剑系列,未知,3U,674mm ,G4、G5,19-24LBS,3750.0,1365.0
7020,DriveX 7K,DX7K DX-7K 驭7K,威克多 VICTOR,驭系列,2019年4月,3U、4U,675mm ,G5、G6,≤29LBS,400.0,320.0
9475,THRUSTER K 8,突击8 TK8 TK-8A TK-8B,威克多 VICTOR,突击系列,未知,4U、5U,675mm ,G5,4U≤30LBS、5U≤28LBS,171.0,137.0
322,FLAME3530,火焰3530,威克多 VICTOR,火焰系列,未知,3U、4U,675mm ,-,≤24LBS,490.0,392.0
19168,,2024年,威克多 VICTOR,,VICTOR威克多&蜘蛛侠 联名款羽毛球礼盒 SPIDER-MAN GB,4U,675mm ,G5,≤28LBS,228.0,182.0
19748,AURASPEED 98K PRO,神速98KPRO ARS98KPRO,威克多 VICTOR,神速系列,2024年,3U、4U,- ,G5、G6,3U≤29LBS、4U≤28LBS,597.0,478.0
8275,传奇100,LEGEND100 LG100,威克多 VICTOR,传奇系列,未知,3U、4U,675mm ,G4、G5,-,250.0,200.0
21291,THRUSTER K GZ,TKGZ 突击GZ TK-GZ,威克多 VICTOR,突击系列,未知,4U,675mm ,G5,≤31LBS,219.0,175.0
3992,LIGHTNING 3363,闪电3363,威克多 VICTOR,闪电系列,未知,3U、4U,675mm ,G2,3U（H≤24LBS、V≤22LBS）、4U（H≤22LBS、V≤20LBS）,271.0,217.0
7613,VOLTRIC 80 LTD,威力80LTD VT-80LTD vt80ltd,尤尼克斯 YONEX,威力系列,2011年,3U、4U,674mm ,G4、G5,3U（20-27LBS）、4U（19-26LBS）,1750.0,530.0
6709,JETSPEED S 11,极速11 JS11 JS11Q 极速11Q JETSPEED11Q,威克多 VICTOR,极速系列,2017年11月,3U、4U,675mm ,G5、G6,3U≤30LBS、4U≤29LBS,1064.0,350.0
8008,JETSPEED S 66H,极速66H JS66H JS-66H,威克多 VICTOR,极速系列,2018年冬季,3U、4U,675mm ,G4、G5,-,236.0,189.0
15324,THRUSTER K 100 K,TK100K 突击100k TK-100K,威克多 VICTOR,突击系列,未知,4U、5U,675mm ,G5,4U≤32LBS、5U≤31LBS,209.0,170.0
13106,AURASPEED ONEPIECE,ARS-OP 和道一文字 ARSOP 神速OP,威克多 VICTOR,神速系列,2022年,4U,675mm ,G5,≤28LBS,625.0,500.0
7771,DriveX 9X,DX9X DX-9X 驭9x,威克多 VICTOR,驭系列,2020年,3U、4U,675mm ,G5,3U≤29LB、4U≤28LBS,791.0,613.0
7399,ARCSABER 10 LV 白,弓10 ARC10LVPG 弓箭10 白弓 弓剑10,尤尼克斯 YONEX,弓剑系列,未知,3U,675mm ,G4、G5,19-24LBS,4400.0,1725.0
4488,BRAVE SWORD 12,BRS12 亮剑12 BRS-12,威克多 VICTOR,亮剑系列,2012年,3U、4U,675mm ,-,3U≤30LBS、4U≤28LBS,679.0,535.0
8774,ASTROX 33,天斧33 ASTROX33 AX33 AX33YX,尤尼克斯 YONEX,天斧系列,2020年10月,5U,675mm ,G5,18-23LBS,472.0,378.0
2498,ARCSABER Z-Slash,ARC-ZS 弓箭ZS ARCZS 弓剑ZS,尤尼克斯 YONEX,弓剑系列,2009,2U、3U,674mm ,G4、G5,2U（20-25LBS）、3U（19-24LBS）,2000.0,750.0
18437,THRUSTER F 隼 HS,TK-F隼HS 突击隼HS 黑金隼HS,威克多 VICTOR,突击系列,2023年10月,3U,675mm ,G5,≤31LBS,1034.0,780.0
20560,ASTROX NEXTAGE 灰色,天斧NT AXNT AXNEXTAGE 黑切新色,尤尼克斯 YONEX,天斧系列,未知,4U,675mm ,G5,20-28LBS,225.0,180.0
9050,ASTROX 1 DG,AX1DG 天斧1DG AX-1DG AX1DGEX,尤尼克斯 YONEX,天斧系列,未知,4U,675mm ,G5,20-35LBS,299.0,128.0
6871,AURASPEED 80X,神速80X AURASPEED80X ARS-80X ARS80X,威克多 VICTOR,神速系列,2019年春季,3U、4U,675mm ,G5、G6,3U ≤30LBS、4U ≤29LBS,488.0,390.0
13069,BRAVE SWORD 12 SE,亮剑12se BRS-12 55周年纪念版,威克多 VICTOR,亮剑系列,2023年,3U、4U,675mm ,G5,3U≤30LBS、4U≤28LBS,820.0,486.0
8569,ASTROX 77 闪耀红,天斧77 AX77 ASTROX77 天斧77新色,尤尼克斯 YONEX,天斧系列,2020年11月,3U、4U,675mm ,G5,3U（21-29LBS）、4U（20-28LBS）,1459.0,845.0
8587,ASTROX 21S,天斧21S ASTROX21S AX21S AX-21S,尤尼克斯 YONEX,天斧系列,未知,5U,675mm ,G5,20-30LBS,486.0,200.0
5533,VOLTRIC 9 LTD,威力9LTD VT9LTD VT-9LTD,尤尼克斯 YONEX,威力系列,未知,3U,674mm ,G4,19-24LBS,624.0,499.0
19167,THRUSTER RYUGA CLS,TK-RYUGACLS 龙牙CLS 小龙牙 龙牙之刃,威克多 VICTOR,突击系列,2024年,3U、4U,675mm ,G5,3U≤32LBS、4U≤30LBS,347.0,291.0
472,ARMORTEC 900 POWER,AT900P AT-900Power,尤尼克斯 YONEX,AT系列,2008年,3U、4U,674mm ,G3、G4、G5,3U（20-25LBS）、4U（19-24LBS）,2562.0,2050.0
6805,NANOFLARE 700,NF700 NF-700YX 疾光700,尤尼克斯 YONEX,疾光系列,2019年3月,4U、5U,675mm ,G4、G5、G6,4U（20-28LBS）、5U（19-27LBS）,1271.0,705.0
7037,DUORA 7 深枪灰,双刃7 DUORA7 DUO7YX,尤尼克斯 YONEX,双刃系列,未知,2U、3U,675mm ,G4、G5,19-24LBS,1160.0,620.0
9660,BRAVE SWORD 1700,亮剑1700 BRS-1700 BRS1700,威克多 VICTOR,亮剑系列,未知,3U、4U,675mm ,-,3U≤24LBS、4U≤22LBS,241.0,193.0
7623,ARCSABER 11 金属红,弓剑11 ARC11YX ARC-11,尤尼克斯 YONEX,弓剑系列,2017年夏季,2U、3U 、4U,675mm ,G4、G5,3U（19-24LBS）、4U（19-24LBS）、2U（20-25LBS）,2018.0,1019.0
21011,THRUSTER GLX,TK银河 TK-GLX TKGLX,威克多 VICTOR,突击系列,未知,5U,675mm ,G5,≤28LBS,177.0,142.0
9082,AURASPEED 9,神速9 ARS9 ARS-9 AURASPEED9 神速9A,威克多 VICTOR,神速系列,2020年冬季,3U、4U,675mm ,G5,3U≤26LBS、4U≤24LBS,331.0,265.0
17346,,VICTOR威克多 Ripple Power 22 LTD款羽毛球拍,威克多 VICTOR,,,3U,675mm ,G3,20-26LBS,463.0,371.0
7881,NANORAY 7000I,锐速7000I NR7000I NR-7000i,尤尼克斯 YONEX,锐速系列,2015年冬季,2U,664mm ,G4,16-20LBS,220.0,176.0
3217,SUPER NANO 7 N,SN-7N 超级纳米7N,威克多 VICTOR,超级纳米系列,未知,3U、4U,675mm ,G4、G5,3U（H≤28LBS、V≤26LBS）、4U（H≤26LBS、V≤24LBS）,344.0,275.0
8188,CROWN COLLECTION PRO,CCPRO,威克多 VICTOR,戴资颖系列,2020年,4U,675mm ,G5,≤27lbs,309.0,247.0
15875,AURASPEED 8000,神速8000 ARS8000 ARS-8000,威克多 VICTOR,神速系列,未知,4U,- ,G5,-,381.0,305.0
433,ISOMETRIC 025,ISO-025 ISO025,尤尼克斯 YONEX,ISO系列,未知,3U,664mm ,G3、G4、G5,15-20LBS,377.0,302.0
13909,THRUSTER K TIGER,突击TIGER TKTIGER TK-TIGER,威克多 VICTOR,突击系列,未知,4U,675mm ,G5,≤31LBS,240.0,238.0
10601,锋影800,AYPR264 AYPR266 BLADEX800,李宁 Lining,锋影系列,2021年11月,3U、4U,675mm ,G5,3U≤31LBS、4U≤30LBS,841.0,544.0
9671,雷霆AXFORCE,AYPR208 AYPR206,李宁 Lining,雷霆系列,2021年,3U、4U、5U,675mm ,G5、G6,≤32lbs,272.0,217.0
6658,WindStorm 500 红黄/黑黄,WS500 风暴500 AYPK004 AYPK014,李宁 Lining,风暴系列,2017年春季,W1（5U）,675mm ,S2（G4）,≤26LBS,436.0,348.0
6936,High Carbon 1900 紫色,HC1900 AYPL018 HC1900,李宁 Lining,高碳系列,2016年,W3（3U）、W2（4U）,675mm ,S2（G5）,4U≤28LBS,391.0,313.0
15920,N50ⅢTD,N503TD,李宁 Lining,火系列,未知,W3（3U）,- ,S2（G5）,22-26LBS,486.0,389.0
8146,,,李宁 Lining,,,-,675mm ,G4,-,494.0,395.0
21624,,LINING李宁 Wind Lite Stealth 羽毛球拍,李宁 Lining,,,5U,- ,S1（G6),≤30LBS,273.0,218.0
7862,AERONAUT 4000C,风动4000C AYPM444,李宁 Lining,风动导流,2017年,W3（3U),675mm ,S2（G5),≤30LBS,265.0,212.0
10433,,2013年,李宁 Lining,,李宁 TB Nano 120金 羽毛球拍属于李宁“MP力系列”，是李宁TB NANO TAKE DOWN版本羽毛球拍，同时也是省队用拍。价格非常亲民，让普通业余选手也能体验国手装备带来的震撼。,W3（3U）,675mm ,S2（G5）,竖线20-26LBS、横线22-28LBS,125.0,100.0
8388,AERONAUT 6000C,AYPQ146 风动6000C,李宁 Lining,风动导流,2020年秋季,W3（3U）,675mm ,S1（G6）,≤30LBS,386.0,309.0
5639,Windstorm N60,WSN60 风暴N60,李宁 Lining,风暴系列,2011年,3U,675mm ,S2（G5),24-30LBS,234.0,187.0
6855,3D CALIBAR 900,AYPM426 风刃900,李宁 Lining,立体风刃,2018年7月,W2（4U),675mm ,S2（G5）,≤32LBS,1200.0,704.0
21454,锋影600NEW,BLADEX600NEW,李宁 Lining,锋影系列,未知,-,- ,-,-,242.0,194.0
11416,雷霆KIDS,AFKS AYPS091 AYPS089 AXFORCEKIDS,李宁 Lining,雷霆系列,2022年,6U、7U,555mm ,G6,≤20LBS,71.0,57.0
17036,雷霆08,AXFORCE08 AYPS185 AYPS183,李宁 Lining,雷霆系列,2022年,2U,670mm ,G5,≤22LBS,209.0,167.0
8413,N9II 流光绿,AYPM026 N92,李宁 Lining,能量聚合,2017年,W3,675mm ,S2（G5）,竖线24-28LBS、横线26-30LBS,562.0,450.0
6915,Ultra Carbon 7000,UC7000,李宁 Lining,超碳系列,未知,W3（3U）,675mm ,S2（G5）,20-26LBS,351.0,281.0
6650,N80 II,N80二代 N802 N80II AYPL026,李宁 Lining,立体风刃,2016年,W3 (3U),675mm ,S3（G4）,24-30LBS,1290.0,1032.0
9895,,2019年,李宁 Lining,,李宁（LI-NING）羽毛球拍2支中杆碳素280碳复合双拍对拍AYPP396,W3（3U）,665mm ,-,18-22LBS,327.0,261.0
8745,High Carbon 1000,HC1000 AYPQ138 AYPQ128,李宁 Lining,高碳系列,2020年夏季,W2（4U）,675mm ,S1（G6）,≤30LBS,200.0,100.0
6632,Turbo Charging N7 Ⅱ,能量N72 AYPL202 N72,李宁 Lining,能量聚合,2016年,W3（3U）,675mm ,S2（G5）,≤32LBS,340.0,438.0
1888,STORM N70,鲍春来 御凌风 N70,李宁 Lining,风系列,2009,W3（3U）,675mm ,S2（G5）、S3（G4）,-,343.0,274.0
7710,AERONAUT 6000D,风动6000D AYPQ014,李宁 Lining,风动导流,2020年1月,W3（3U）,675mm ,S1（G6）,≤30LBS,688.0,550.0
2796,Flame N50 II,AYPE018 N502 N50II,李宁 Lining,火系列,2010,W3（3U）,675mm ,S2（G5）、S3（G4）,18-30LBS,449.0,359.0
6851,3D CALIBAR 001,3DCALIBAR 001 AYPP008 风刃001,李宁 Lining,立体风刃,2019年,W2（4U),670mm ,S1 （G6）,≤30LBS,249.0,450.0
7553,3D CALIBAR 300B,3DCALIBAR AYPP026 风刃300B,李宁 Lining,立体风刃,2019年,W2（4U）,675mm ,S1（G6）,≤30LBS,364.0,291.0
19553,WindStorm 72 Speed/Power,WS72S WS72P 风暴72S 风暴72P AYPU069 AYPU071,李宁 Lining,风暴系列,2024年,6U,675mm ,G6,≤30LBS,497.0,398.0
6847,Turbo Charging 75,AYPM412 TC75 能量75,李宁 Lining,能量聚合,2017年,W3（3U）,675mm ,S2（G5）,≤32LBS,302.0,241.0
6496,3D Breakfree 80TF,风刃80TF AYPJ008,李宁 Lining,立体风刃,2014年春季,W2(4U),675mm ,S2（G5）,20-26LBS,484.0,387.0
20625,雷霆小钢炮 新色,小钢炮新色,李宁 Lining,雷霆系列,2024年,4U、5U、6U,675mm ,G5、G6,4U≤32LBS；5U≤31LBS；6U≤27LBS,197.0,158.0
10607,,2021年,李宁 Lining,,LINING李宁 A870款羽毛球拍,3U,675mm ,S3（G4）,≤28LBS,379.0,303.0
9154,,LINING李宁 AYPL172款羽毛球拍,李宁 Lining,,,3U,665mm ,S2（G5）,19-24LBS,256.0,205.0
7548,TECTONIC 7,AYPQ022 突袭7,李宁 Lining,蓄力突袭,2019,W2（4U）,675mm ,S2（G5）,≤32LBS,427.0,341.0
8291,TECTONIC 7C,突袭7C,李宁 Lining,蓄力突袭,2020年7月,W3（3U）,675mm ,S1（G6）,≤32LBS,842.0,420.0
9673,锋影BLADEX,未知,李宁 Lining,锋影系列,LINING李宁 锋影800领先体验版,3U、4U、5U,675mm ,G5,3U≤31LBS、4U≤30LBS,277.0,221.0
21049,战戟4000,AYPV011 HALBERTE4000,李宁 Lining,战戟系列,未知,3U、4U,675mm ,G5,3U≤29LBS、4U≤28LBS,441.0,353.0
6393,AirStream N99,N99 AYPL024,李宁 Lining,风动导流,2016年1月,W3（3U）,675mm±1mm ,S2（G5）,≤28LBS,749.0,599.0
7224,AirStream N99 奥运纪念,AYPM032 AYPM034 AYPL098 N99黑金 N99蓝银,李宁 Lining,风动导流,2016年秋季,W3（3U）,675mm ,S2（G5）,≤32LBS,1493.0,722.0
8038,AERONAUT 7000I 粉色,风动7000I AYPP238 7000I,李宁 Lining,风动导流,2019年,W1（5U）,670mm ,S1（G6）,≤32LBS,930.0,655.0
6849,AERONAUT 8000C,AYPN216 风动8000C AYPN216,李宁 Lining,风动导流,未知,W3（3U),675mm ,S2（G5,≤32LBS,301.0,241.0
6903,AERONAUT 7000,风动7000 AYPM452,李宁 Lining,风动导流,2019年,W2（4U）,670mm ,S2 （G5),≤32LBS,284.0,227.0
7583,Turbo Charging N7 Ⅱ Light 墨绿,AYPM212 N72,李宁 Lining,能量聚合,2017年,W1（5U）,675mm ,S1（G6）,≤32LBS,440.0,352.0
8184,Turbo Charging 10B,AYPQ024 能量10B,李宁 Lining,能量聚合,2020年,W2（4U）,675mm ,S1（G6）,≤30LBS,459.0,368.0
16386,战戟2000,AYPT377 HALBERTEC2000,李宁 Lining,战戟系列,2023年7月25日,3U、4U,675mm ,G5,3U≤27LBS、4U≤26LBS,229.0,10.0
7231,AERONAUT 5000,AYPP034 风动5000,李宁 Lining,风动导流,2019,W3（3U）,675mm ,S2（G5）,≤30LBS,288.0,230.0
7351,High Carbon 1500,HC1500 AYPE166-1,李宁 Lining,高碳系列,2010年,3U,675mm ,G4,横线22-26LBS、竖线20-24LBS,248.0,198.0
7334,Turbo Charging 20C,能量20C AYPP012,李宁 Lining,能量聚合,2019年,W3（3U）,675mm ,S1（G6),-,281.0,224.0
11427,TECTONIC 1,TT1 AYPS015 AYPS017 突袭1,李宁 Lining,蓄力突袭,2022年,3U、4U,675mm ,G5,3U≤27LBS、4U≤26LBS,190.0,152.0
6861,Turbo Charging 10,AYPM406 TC10 能量10 N72TF,李宁 Lining,能量聚合,2017年,W2（4U),670mm ,S2（G5),≤30LBS,300.0,240.0
5406,,2012年,李宁 Lining,,李宁羽毛球拍FLAME N36深咖 全碳素纤维风洞导流快速进攻比赛单拍 握把长度：200mm,W3（3U）,675mm ,S2（G5）,竖线24-28LBS、横线26-30LBS,227.0,182.0
6854,3D CALIBAR 600,风刃600 AYPP016,李宁 Lining,立体风刃,2019年,W2（4U),675mm ,S2 （G5),≤30LBS,611.0,200.0
2795,WOODS N90 II,N902 N90II AYPE016,李宁 Lining,林系列,2010年,W3（3U）,675 ,S2（G5）、S3（G4）,20-30LBS,1425.0,450.0
7382,Ultra Carbon 3600,UC3600,李宁 Lining,超碳系列,未知,W3（3U）,675mm ,S2（G5）,主线20-24LBS、横线22-26LBS,220.0,176.0
7531,,2016年夏季,李宁 Lining,,LINING李宁 3D Breakfree 90TF款羽毛球拍,4U,675mm ,S2（G5）,竖线20-24LBS、横线22-26LBS,373.0,299.0
9703,AERONAUT 9000C（城势版）,AYPR152-1 9000C新色 风动9000c,李宁 Lining,风动导流,2021年7月,3U,675mm ,G6,≤32LBS,1300.0,1059.0
11415,雷霆9,AF9 AYPS077 AYPS075 AXFORCE9,李宁 Lining,雷霆系列,2022年,3U、4U,665mm ,G5,≤22LBS,201.0,50.0
10232,,李宁AS10羽毛球拍,李宁 Lining,,,-,675mm ,-,-,323.0,259.0
13273,锋影900MAX日,AYPT023 AYPT021 BLADEX900MAX日,李宁 Lining,锋影系列,2023年1月,3U、4U,675mm ,G5、G6,3U≤31LBS、4U≤30LBS,887.0,633.0
6856,3D CALIBAR 900B,AYPM428 风刃900B,李宁 Lining,立体风刃,2017年,W3（3U),675mm ,S2 （G5),≤32LBS,1028.0,679.0
7709,WindStorm 74,AYPQ004 AYPQ008 AYPQ012 WS74 风暴74 w74,李宁 Lining,风暴系列,2019年春季,W1（74g）,675mm ,S1（G6）,≤30LBS,410.0,234.0
6770,3D CALIBAR 900I,风刃900I 3DCALIBAR 900 AYPP002,李宁 Lining,立体风刃,2019年,W1（5U）,670mm ,S1（G6）,≤32LBS,926.0,741.0
1889,Flame N55,AYPD214 N55 N551 霹雳火,李宁 Lining,火系列,2009年,W3（3U）,675mm ,S2（G5）、S3（G4）,≤30LBS,1513.0,840.0
9216,TECTONIC 9,突袭9 AYPR130 AYPR132 AYPR134,李宁 Lining,蓄力突袭,2021年3月,3U、4U、5U,675mm ,G5,≤32LBS,1108.0,555.0
6472,,2013,李宁 Lining,,碳纤维，比较轻，适合手部力量不足，快速灵活的选手。,3U,675mm ,S2（G5）,≤26LBS,357.0,286.0
7070,AERONAUT 9000C,AYPP122 风动9000C,李宁 Lining,风动导流,2019年夏季,3U、4U,675mm ,S1（G6）,≤32LBS,1094.0,764.0
6913,High Carbon 1600,HC1600,李宁 Lining,高碳系列,未知,W2（4U）,675mm ,S2（G5）,20-26LBS,223.0,178.0
21453,锋影500NEW,BLADEX500NEW,李宁 Lining,锋影系列,2024年,3U、4U,- ,G5、G6,3U≤31LBS、4U≤30LBS,469.0,375.0
7184,,2019年,李宁 Lining,,LINING李宁 A900款羽毛球拍,W3（3U）,675mm ,S2（G5）,≤28LBS,150.0,120.0
13271,雷霆60,AYPT053 AYPT055 AXFORCE60,李宁 Lining,雷霆系列,2023年,4U、5U,675mm ,G5、G6,4U≤30LBS、5U≤29LBS,629.0,471.0
8815,AERONAUT 6000I,风动6000I AYPR006,李宁 Lining,风动导流,2021年1月,W1（5U）,670mm ,S1（G6）,≤30LBS,565.0,431.0
17830,战戟7000,战戟7000 HALBERTEC7000 AYPU013,李宁 Lining,战戟系列,2023年10月,3U、4U,675mm ,G5,3U≤31LBS、4U≤30LBS,739.0,513.0
6795,Turbo Charging 70i,AYPM414 TC70i 能量70i,李宁 Lining,能量聚合,2016年秋季,4U、W1（5U）,675mm ,S1（G6）,≤32LBS,861.0,658.0
15352,THRUSTER K 30 U,TK30U TK-30U 小鬼斩,威克多 VICTOR,突击系列,2022年12月,3U、4U,675mm ,G5,3U≤28LBS、4U≤27LBS,344.0,276.0
8357,DriveX 8K,驭8K DX-8K DX8K,威克多 VICTOR,驭系列,2020年夏季,3U、4U,675mm ,G5、G6,3U≤29LBS、4U≤28LBS,1000.0,400.0
19707,THRUSTER K rex,TK暴龙 突击暴龙 TKrex,威克多 VICTOR,突击系列,2024,4U、5U,675mm ,-,4U≤29LBS、5U≤28LBS,150.0,120.0
602,EXPLORER Cls6200,探险家6200 探险者6200,威克多 VICTOR,探险家系列,未知,3U  4U,675mm ,-,≤26LBS,381.0,305.0
9379,AURASPEED 1000F,神速1000F ARS1000F ARS-1000F,威克多 VICTOR,神速系列,2019年春季,3U、4U,675mm ,G5,≤31LBS,188.0,150.0
17519,BRAVE SWORD 1112,亮剑1112 BRS1112 BRS-1112,威克多 VICTOR,亮剑系列,未知,3U、4U,675mm ,-,3U≤26LBS、4U≤24LBS,217.0,174.0
21281,THRUSTER K Z,TKZ TK-Z 突击Z 胜利水晶,威克多 VICTOR,突击系列,2024年9月11号,3U、4U,675mm ,G5,≤30LBS,229.0,183.0
882,赵剑华3000,未知,威克多 VICTOR,其它系列,胜利的经典之经典拍~,2U、3U,675±1.5mm ,-,竖线≤28LBS、横线≤30LBS,202.0,162.0
14326,THRUSTER K 10,TK-10 TK10C TK-10C,威克多 VICTOR,突击系列,未知,3U、4U,675mm ,G5,≤31LBS,176.0,141.0
8865,THRUSTER K 300,TK-300 突击300 TK300,威克多 VICTOR,突击系列,未知,3U、4U,675mm ,G4、G5,≤26LBS,359.0,287.0
320,LIGHTNING3359,闪电3359,威克多 VICTOR,闪电系列,未知,2U、3U、4U,675mm ,-,≤24LBS,383.0,306.0
13628,THRUSTER K 15 II,TK15二代 TK152 TK-15Ⅱ TK-15二代 TK-152,威克多 VICTOR,突击系列,2023年1月,4U、5U,675mm ,G5、G6,4U≤27BS、5U≤25LBS,521.0,417.0
7599,HYPERNANO X 30,HX30 HX-30,威克多 VICTOR,HX系列,未知,3U、4U,675mm ,G4、G5,24-25LBS,477.0,381.0
9081,Challenge 9500F,挑战者9500F CHA-9500F,威克多 VICTOR,挑战者系列,未知,3U、4U,675mm ,G5、G4,3U≤26LBS、4U≤24LBS,150.0,120.0
19019,AURASPEED CS,神速CS ARS-CS ARSCS 蜡笔小新,威克多 VICTOR,神速系列,2023年冬季,4U,675mm ,G5,≤31LBS,529.0,423.0
7707,JETSPEED S 05L,极速05L JS05L,威克多 VICTOR,极速系列,未知,4U、5U,675mm ,G4、G5,≤25LBS,494.0,395.0
7077,JETSPEED S 09L,极速09L JS-09L JS09L,威克多 VICTOR,极速系列,未知,3U、4U,675mm ,G5,3U ≤25LBS、4U ≤24LBS,207.0,166.0
7069,AERONAUT 9000,AYPP124 风动9000,李宁 Lining,风动导流,2019年夏季,3U、4U,675mm ,S1（G6）,≤32LBS,1174.0,782.0
6696,High Carbon 1100,HC1100 AYPM014,李宁 Lining,高碳系列,2017年,W2（4U）,675mm ,S2（G5）,≤26LBS,111.0,89.0
9041,JETSPEED S 11 岩浆红,JETSPEED11D JS11 JS11D 极速11岩浆红,威克多 VICTOR,极速系列,2020年,3U、4U,675mm ,G5、G6,3U≤30LBS、4U≤29LBS,462.0,370.0
8435,HYPERNANO X 20H,HX-20H hx20h,威克多 VICTOR,HX系列,2017年冬季,3U、4U,675mm ,G5,≤35LBS,187.0,150.0
17848,锋影700荧光明黄,锋影700新色 AYPU015 BLADEX700新色,李宁 Lining,锋影系列,2023年,3U、4U、5U,675mm ,G5、G6,3U≤31LBS、4U≤30LBS、5U≤29LBS,726.0,525.0
6820,AERONAUT 8000D,风动8000D AYPN214,李宁 Lining,风动导流,2017年夏季,W3（3U),675mm ,S1（G6),≤32LBS,213.0,171.0
8322,Turbo Charging 50C,AYPP046 TC50C 能量50C,李宁 Lining,能量聚合,2019年秋季,W3（3U）,675mm ,S2（G5）,≤30LBS,310.0,248.0
8578,THRUSTER K 霹雳,突击霹雳 TK霹雳 TK-霹雳,威克多 VICTOR,突击系列,2019年秋季,4U、5U,675mm ,G5、G6,4U≤26LBS、5U≤25LBS,244.0,196.0
6823,AERONAUT 7000B,风动7000B AYPM446,李宁 Lining,风动导流,2018年夏季,W3（3U),675mm ,S1 （G6),≤32LBS,624.0,499.0
6850,AERONAUT 8000,风动8000 AERONAUT8000 AYPN218,李宁 Lining,风动导流,未知,W3（3U）,675mm ,S2（G5),≤32LBS,335.0,268.0
19555,雷霆10,AXFORCE10 AYPU105 AYPU109,李宁 Lining,雷霆系列,2024年,4U、5U,675mm ,G5、G6,4U≤29LBS、5U≤28LBS,230.0,184.0
21048,战戟3000,AYPV011 HALBERTE3000,李宁 Lining,战戟系列,未知,4U、5U,675mm ,G5、G6,4U≤28LBS、5U≤27LBS,329.0,263.0
13720,,2011年,李宁 Lining,,,3U,675mm ,-,20-26LBS,332.0,265.0
6842,Turbo Charging 70,AYPM434 能量70,李宁 Lining,能量聚合,2017年,W3（3U),675mm ,S2（G5),≤32LBS,818.0,654.0
9885,锋影800ZN,AYPR268 BX800ZN BLADEX800 锋影800礼盒,李宁 Lining,锋影系列,2021年,3U,675mm ,G5,≤31LBS,497.0,398.0
15567,风系列礼盒,风林火山 AYPT059,李宁 Lining,风系列,2023年,4U,- ,G5,≤28LBS,699.0,559.0
6169,N90 III,AYPH158 N903 N90三代,李宁 Lining,林系列,2013年5月,W3（3U）,675mm ,S2（G5）,≤30LBS,1118.0,894.0
8804,,2020年夏季,李宁 Lining,,"LINING李宁 疾速3000 ，糖水球拍性能，纤细低风阻传统拍框，中杆软弹，拍面甜区大,发力舒服，容错率高。",W3（3U）,675mm ,S1（G6）,≤30LBS,303.0,242.0
8290,TECTONIC 7I,突袭7I,李宁 Lining,蓄力突袭,2020年7月,W1（5U）,675mm ,S1（G6）,≤32LBS,351.0,281.0
6882,AERONAUT 7000C,风动7000C AYPM442,李宁 Lining,风动导流,2017年,W3（3U）,675mm ,S2 （G5),≤32LBS,812.0,650.0
6846,Turbo Charging 70 限量款,AYPN306 TC70 能量70,李宁 Lining,能量聚合,2018年,W3（3U）,675mm ,S2（G5),≤32LBS,1500.0,380.0
19938,战戟9000礼盒版,HALBERTEC9000 AYPU115 战戟9000城势版,李宁 Lining,战戟系列,2024年,4U,675mm ,G5,≤30LBS,2750.0,2200.0
7828,Turbo Charging 75EX,能量75EX TC75EX,李宁 Lining,能量聚合,未知,W3（3U）,675mm ,S2（G5）,≤35LBS,378.0,303.0
3510,Flame N55 Ⅱ,AYPE108 N552 N55Ⅱ N55二代,李宁 Lining,火系列,2010年,W3（3U）,675mm ,S1（G6）、S2（G5）、S3（G4）,24-30LBS,330.0,264.0
8910,High Carbon 1200 粉色,HC1200 AYPR016,李宁 Lining,高碳系列,2021年,4U,675mm ,S1（G6）,≤30LBS,375.0,300.0
17849,锋影500 珍珠白,BLADEX500新色 AYPU009 锋影500新色,李宁 Lining,锋影系列,2023年,3U、4U,675mm ,G5、G6,3U≤29LBS、4U≤28LBS,460.0,368.0
16228,AURASPEED 77F,神速77F AURASPEED77F ARS77F,威克多 VICTOR,神速系列,2023年,4U,675mm ,G6,≤29LBS,429.0,343.0
6454,BRAVE SWORD 15,亮剑15 BRS-15,威克多 VICTOR,亮剑系列,2012年,3U、4U,675mm ,G5,3U≤30LBS、4U≤28LBS,244.0,195.0
20501,JETSPEED S CBC,JS-CBC 极速CBC,威克多 VICTOR,极速系列,2024年6月,3U、4U,- ,G5、G6,3U≤27LBS、4U≤26LBS,438.0,350.0
1893,Rocks N33,云动山 蔡贇,李宁 Lining,山系列,2009,W3（3U）,675mm ,S2（G5）、S3（G4）,-,1500.0,1200.0
12508,AURASPEED HWQ,ARShwq 神速核武器 胡文卿 ARS-HWQ,威克多 VICTOR,神速系列,2022年,4U,675mm ,G5,≤30LBS,457.0,365.0
8270,,2017年,李宁 Lining,,LINING李宁 A100款羽毛球拍,W3（3U）,675mm ,S2（G5）,竖线20-26LBS、横线22-28LBS,298.0,238.0
6215,Turbo Charging N7,AYPH152 能量N7 TCN7,李宁 Lining,能量聚合,2013年7月,3U,675mm ,S2（G5）,竖线24-28LBS、横线26-30LBS,500.0,625.0
6758,3D CALIBAR 900C,3DCALIBAR 900C AYPM438 风刃900C,李宁 Lining,立体风刃,2017年,W3（3U),675mm ,S2 （G5),≤32LBS,1096.0,775.0
6736,3D CALIBAR 600C,AYPM386 风刃600C,李宁 Lining,立体风刃,2018年夏季,W3（3U),675mm ,S2 （G5）,≤30LBS,595.0,317.0
15734,锋影900MAX月,AYPT027 AYPT025 BLADEX900MAX月,李宁 Lining,锋影系列,2023年1月,3U、4U,675mm ,G5、G6,3U≤31LBS、4U≤30LBS,813.0,574.0
10948,DriveX NANO6,驭NANO6 DX-NANO6 DX纳米6,威克多 VICTOR,驭系列,2022年,3U、4U,675mm ,G5、G6,3U≤28LBS、4U≤27LBS,288.0,230.0
15436,THRUSTER K 66 Q,TK66 TK-66 TK66Q TK-66Q,威克多 VICTOR,突击系列,未知,7U,675mm ,G6,≤30LBS,282.0,225.0
6495,Air Stream N50 Ⅲ,AYPH154 AYPH164 N503 N50III,李宁 Lining,火系列,2013年,W3（3U）,675mm ,S2（G5）,20-30LBS,750.0,766.0
7087,WindStorm 660,WS660 风暴660,李宁 Lining,风暴系列,2010年上市,W1（5U）,675mm ,S2（G5）,主线20-24LBS、横线22-26LBS,468.0,374.0
9856,雷霆80 CL 礼盒版,AYPR248 AXFORCE80CL 雷霆80CL AF80CL 谌龙签名版,李宁 Lining,雷霆系列,2021年9月,3U,675mm ,G5,≤31LBS,1630.0,1525.0
18849,雷霆80 龙年限定,AXFORCE80 AYPU029,李宁 Lining,雷霆系列,2023年,3U、4U、5U,675mm ,-,3U≤31LBS、4U≤30LBS、5U≤29LBS,1554.0,1266.0
6838,Turbo Charging 75C,AYPM392 能量75C AYPS105,李宁 Lining,能量聚合,2017年,W2（4U）、W3（3U),675mm ,S2（G5),≤32LBS,1030.0,569.0
13272,雷霆70,AYPT047 AYPT049 AXFORCE70,李宁 Lining,雷霆系列,2023年,4U、5U,675mm ,G5、G6,4U≤30LBS、5U≤29LBS,748.0,526.0
14025,雷霆90MAX 虎 礼盒版,AYPS065 AYPS063 AXFORCE90MAX 雷霆90虎礼盒版,李宁 Lining,雷霆系列,2022年,4U,675mm ,G5,≤30LBS,1319.0,1055.0
11088,锋影500,BX500 AYPR273 AYPR275 BLADEX500,李宁 Lining,锋影系列,2022年,3U、4U,675mm ,G5、G6,3U≤29LBS、4U≤28LBS,491.0,400.0
17846,战戟6000,战戟6000 HALBERTEC6000,李宁 Lining,战戟系列,2024年2月,4U、5U,675mm ,G5、G6,4U≤30LBS、5U≤29LBS,618.0,487.0
16391,雷霆小钢炮,AYPT307 AYPT311,李宁 Lining,雷霆系列,2023年,4U、5U、6U,675mm ,G5、G6,4U≤32LBS；5U≤31LBS；6U≤27LBS,203.0,123.0
15404,3D CALIBAR 500 PRO,风刃500PRO,李宁 Lining,立体风刃,2023年3月,3U、4U,675mm ,G5,3U≤31LBS、4U≤30LBS,581.0,410.0
15980,雷霆100,AXFORCE100 AF100 AYPT235,李宁 Lining,雷霆系列,2023年4月10日,3U、4U,675mm ,G5,3U≤31LBS、4U≤30LBS,1101.0,741.0
11410,锋影700,BX700 BX-700 AYPS053 AYPS055 AYPS057,李宁 Lining,锋影系列,2022年春季,3U、4U、5U,675mm ,G5、G6,3U≤31LBS、4U≤30LBS、5U≤29LBS,737.0,569.0
9748,雷霆80,AYPS002 AYPS004 AYPS006 AXFORCE80,李宁 Lining,雷霆系列,2021年,3U、4U、5U,675mm ,G5、G6,3U≤31LBS、4U≤30LBS、5U≤29LBS,1019.0,752.0
7642,脉动9700,ART-9700 ART9700,威克多 VICTOR,脉动系列,未知,3U、4U,675mm ,G5,-,231.0,185.0
13553,DriveX 56GB,DX-56GB DX56GB 驭56GB,威克多 VICTOR,驭系列,未知,4U,- ,G6,≤27LBS,465.0,372.0
17829,战戟9000,战戟9000 HALBERTEC9000,李宁 Lining,战戟系列,2023年12月,3U、4U,675mm ,G5,3U≤31LBS、4U≤30LBS,1124.0,785.0
7496,BRAVE SWORD 1100,BS1100 亮剑1100,威克多 VICTOR,亮剑系列,未知,3U、4U,675mm ,G4、G5,-,264.0,211.0
12763,AURASPEED 1000FA,ARS-1000FA ARS-1000F珍珠白 ARS1000 神速1000,威克多 VICTOR,神速系列,未知,4U、5U,- ,-,4U≤30LBS、5U≤29LBS,443.0,355.0
7933,AURASPEED 70F A,神速70FA ARS-70FA ARS70F AURASPEED70FA,威克多 VICTOR,神速系列,2019年秋季,3U、4U,675mm ,G5、G6,≤30LBS,358.0,287.0
15369,AURASPEED 5000,神速5000 ARS-5000 ARS5000,威克多 VICTOR,神速系列,未知,4U,675mm ,G5,≤27LBS,210.0,168.0
6925,AURASPEED 70K,神速70K AURASPEED70K ARS70K ARS-70K,威克多 VICTOR,神速系列,2018年夏季,3U、4U,675mm ,G5、G6,3U≤30LBS、4U≤29LBS,497.0,397.0
9649,WindStorm 79 S/H,WS79H WS79S AYPR136 AYPR138 风暴79,李宁 Lining,风暴系列,2021年夏季,5U,675mm ,G6,≤30LBS,315.0,252.0
4219,WindStorm 690,AYPE032 风暴690 WS690,李宁 Lining,风暴系列,2010年,W1（5U）,675mm ,S3（G4）,主线20-24LBS、横线22-26LBS,301.0,241.0
10902,THRUSTER Chinese New Year-Tiger,TK-CNYT 虎虎生威 TKCNYT,威克多 VICTOR,突击系列,2022年,4U,675mm ,G5,≤31LBS,259.0,207.0
7226,,2018年夏季,李宁 Lining,,LINING李宁 A880T款羽毛球拍,W3（3U）,675mm ,S2（G5）,20-26LBS,328.0,263.0
6633,N7Ⅱ L,能量72L N72L AYPL162,李宁 Lining,能量聚合,2016年,W1（5U）,675mm ,S1（G6）,≤32LBS,938.0,750.0
20367,Thruster K 5,TK5 突击5,威克多 VICTOR,突击系列,未知,4U、5U,- ,G5,4U≤29LBS、5U≤28LBS,155.0,124.0
6662,JETSPEED S 8,极速8 JS8PS JS-8ST JS8ST,威克多 VICTOR,极速系列,2014年,3U、4U,675mm ,G4、G5,3U≤27LBS、4U≤26LBS,468.0,374.0
772,SUPER NANO 5,超级纳米5 SN5 SN-5,威克多 VICTOR,超级纳米系列,未知,3U、4U,675mm ,-,≤30LBS,213.0,170.0
15909,锋影EX-LIGHT,AYPS115 AYPS113 BLADEXEX-LIGHT AYPU117,李宁 Lining,锋影系列,2022年5月,5U,675mm ,G5,≤27LBS,169.0,135.0
17864,雷霆40,AYPU011,李宁 Lining,雷霆系列,2024年春季,3U、4U,675mm ,G5、G6,3U≤29LBS、4U≤28LBS,438.0,350.0
7549,TECTONIC 7D,AYPQ018 突袭7D,李宁 Lining,蓄力突袭,2019,W2（4U）,670mm ,S1（G6）,≤32LBS,1340.0,450.0
6506,N9II,N9二代 N92 AYPL178,李宁 Lining,能量聚合,2016年,W3（3U）,675mm ,S2（G5）,≤32LBS,890.0,712.0
2429,BRAVE SWORD 168,BRS168 亮剑168,威克多 VICTOR,亮剑系列,未知,3U、4U,675mm ,G2,3U≤28LBS、4U≤26LBS,254.0,203.0
15568,林系列礼盒,风林火山 AYPT061,李宁 Lining,林系列,2023年,4U,- ,G5,≤28LBS,611.0,480.0
8752,,2020年春季,李宁 Lining,,LINING李宁 Super Light 520款羽毛球拍,W1（5U）,675mm ,S2（G5）,≤30LBS,383.0,307.0
15768,锋影SONAR,锋影声呐 AYPT039 BLADEX声呐 AYPT037,李宁 Lining,锋影系列,2023年1月,3U、4U,675mm ,G5、G6,3U≤29LBS、4U≤28LBS,387.0,310.0
11095,TECTONIC 6,AYPS007 AYPS009 突袭6,李宁 Lining,蓄力突袭,2022年,4U、5U,675mm ,G5、G6,4U≤28LBS、5U≤27LBS,460.0,300.0
11412,雷霆20,AF20 AYPS049 AYPS051 AXFORCE20,李宁 Lining,雷霆系列,2022年春季,3U、4U,675mm ,G5,3U≤27LBS、4U≤26LBS,295.0,60.0
7627,3D CALIBAR 600I,风刃600I AYPQ016,李宁 Lining,立体风刃,2019年冬季,W1（5U）,670mm ,S1（G6）,≤30LBS,592.0,330.0
11421,锋影73,BX73 AYPS059 AYPS061 BLADEX73,李宁 Lining,锋影系列,2022年,6U,670mm ,G6,≤26LBS,445.0,356.0
6853,3D CALIBAR 600B,风刃600B AYPM402,李宁 Lining,立体风刃,2017年,W3（3U),675mm ,S2 （G5),≤30LBS,580.0,464.0
1891,STORM N77,N77 疾影风 杜靖 于洋 AYPD220,李宁 Lining,风系列,2009年,W3（3U）,- ,S2（G5）、S3（G4）,-,289.0,231.0
5659,WOODS N80,N80 AYPG004,李宁 Lining,林系列,2012年,W3（3U）,675mm ,S2（G5）,≤32LBS,625.0,500.0
19556,雷霆小钢炮PRO,AYPU081 小钢炮PRO AYPU083,李宁 Lining,雷霆系列,2024年4月,4U、5U,675mm ,G5、G6,4U≤28LBS、5U≤27LBS,417.0,325.0
17210,NANOFLARE 1000TOUR,疾光1000TUOR NF1000TOUR,尤尼克斯 YONEX,疾光系列,2023年六月下旬,3U、4U,675mm ,G4、G5、G6,3U（21-29LBS）、4U（20-28LBS）,796.0,460.0
17756,,未知,李宁 Lining,,LINING李宁 G-FORCE PLUS 505款碳铝羽毛球拍,-,- ,S2（G5）,18-22LBS,320.0,256.0
9655,,LINING李宁 CT1090款羽毛球拍,李宁 Lining,,,-,- ,-,20-24LS,265.0,212.0
12696,,2022年,李宁 Lining,,李宁 羽毛球拍暴力进攻 腕力训练拍 TR120 ,120g,675mm ,G5,≤31lbs,277.0,222.0
9843,CS1700B,未知,李宁 Lining,ES灵系列,李宁LINING羽毛拍/羽毛球拍全碳素单拍 CS1700B,W2,675mm ,S2,横线22-26lbs；竖线20-24lbs,286.0,228.0
8562,Ultra Carbon 2300A,UC2300A,李宁 Lining,超碳系列,未知,W2（4U）,670mm ,S2（G5）,主线20-24LBS、横线22-26LBS,453.0,362.0
14603,,2009年,李宁 Lining,,,3U,675mm ,S2,-,419.0,335.0
6860,Turbo Charging 20,AYPM436 TC20 能量20,李宁 Lining,能量聚合,2017年,W3（3U),675mm ,S1（G6),≤30LBS,226.0,181.0
7158,High Carbon 1800 白绿/灰金,HC1800 AYPL104 AYPL112,李宁 Lining,高碳系列,2016年,W3（3U）,675mm ,S2（G5）,≤26LBS,247.0,197.0
8486,DriveX KT,Hellokitty 驭KT DXKT DX-KT,威克多 VICTOR,驭系列,2020年12月,4U,675mm ,G5,≤28LBS,456.0,364.0
8540,,未知,李宁 Lining,,此款球拍性能稳定，骨架纤细，更强韧，手感更好。是一款攻防兼备的球拍，对于娱乐型及初学者使用会体会到更好的畅快感，使技术稳步提升，而对于那些职业比赛的选手这款球拍也能达到优越的手感，也能得到更好的发挥。拍框为碳纤维材质，柄布聚氨酯与不织布材质。,W3（3U）,675mm ,S2（G5）,横线20-24LBS、竖线22-26LBS,361.0,288.0
2070,,2009年4月15号,李宁 Lining,,LINING李宁 TP100C钛系列羽毛球拍,W2（4U）、W3（3U）,675mm ,S2（G5）、S3（G4）,20-26LBS,446.0,357.0
6841,Turbo Charging 70B,AYPM398 TC70B 能量70B,李宁 Lining,能量聚合,2017年,W3（3U),675mm ,S1（G6),≤32LBS,359.0,287.0
7125,N80 S-type,AYPK006 n80s N80金 AYPJ276,李宁 Lining,立体风刃,2015年,W3（3U）,675mm ,S2（G5）,24-30LBS,242.0,193.0
7760,,2015年,李宁 Lining,, 李宁A720入门级羽毛球拍,W3（3U）,675mm ,S2（G5）,≤28LBS,448.0,358.0
17788,锋影199,BLADEX199 BX199,李宁 Lining,锋影系列,未知,3U,675mm ,G5,≤27LBS,202.0,162.0
17888,,LINING李宁 Rocks 500款羽毛球拍,李宁 Lining,,,W3,675mm ,S3,竖线（22-24LBS）、横线（24-26LBS）,267.0,214.0
8110,,2016年,李宁 Lining,,LINING李宁 A890款羽毛球拍,-,675mm ,S2,20-26LS,391.0,313.0
6660,,2017年11月,李宁 Lining,,  新款球拍采用了非炫彩的漆水颜色，亚光的冰红+冷铁灰色涂装，而且漆色结构对称。初见，给人以沉稳低调的视感，不是很引人眼球。球拍外观漆水质量，延续了李宁球拍光滑细腻的特色，风采依旧。,W3（3U）,675mm ,S2（G5）、S1（G6）,≤32LBS,612.0,490.0
8509,Woods N90ⅡS-Type,AYPF002 NS902S,李宁 Lining,林系列,2011年7月,W3（3U）,675mm ,S2（G5）,竖线24-28LBS、横线26-30LBS,250.0,200.0
9070,,2011年,李宁 Lining,,空气动力学拍框＋机翼恒定系统,W3（3U）,675mm ,-,≤26LBS,492.0,393.0
14723,,李宁羽毛球拍 腕力训练加重拍 TR140,李宁 Lining,,,140g,- ,-,≤30lbs,454.0,363.0
10187,,2021年,李宁 Lining,,李宁羽毛球拍全碳素碳纤维单拍男女训练进阶羽拍高磅攻守兼备扣杀球拍 AYPR196 白色单拍,W3（3U）,675mm ,S2（G5）,≤32LBS,455.0,364.0
5377,,2011年,李宁 Lining,,李宁“MC控系列”，专为擅长防守和拉吊打法的选手设计。“MC控系列”采用适中的拍框头部设计，配合较柔和的中管弹性，结合李宁的力学优化拍框技术带来的超大甜区，使球拍具有拉吊稳定、扣杀力量大的特性，在拉锯战中不急不躁，以不变应万变，伺机进攻，稳操胜券！,W3（3U）,675mm ,S2（G5）,24-30LBS,361.0,289.0
13068,AERONAUT H/Z,AeronautH AeronautZ 风动h 风动z,李宁 Lining,风动导流,未知,3U（Z）；5U（H）,675mm（Z）；670mm（H） ,G5,≤30LBS,346.0,277.0
5535,S500,AYPF016,李宁 Lining,钛系列,2011年,3U,675mm ,S2（G5）,主线20-24LBS、横线22-26LBS,435.0,348.0
9244,AURASPEED 90F,神速90F AURASPEED90F ARS90F ARS-90F 90FM,威克多 VICTOR,神速系列,2021年8月,4U、5U,675mm ,G5、G6,4U≤28LBS、5U≤27LBS,887.0,655.0
14210,,未知,李宁 Lining,,LINING李宁 TB NANO 200B 羽毛球拍,W3（3U）,670mm ,S2（G5）,20-26LBS,237.0,190.0
7079,TB NANO N10,AYPF292,李宁 Lining,超导纳米系列,2011年冬季,W3（3U）,675mm ,S2（G5）,竖线24-28LBS、横线26-30LBS,323.0,258.0
8479,,2019年冬季,李宁 Lining,,李宁A1111对拍,W3（3U）,675mm ,S2（G5）,≤28LBS,338.0,270.0
18922,JETSPEED S CNY GB,JSCNYGB 极速CNYGB 龙腾四海,威克多 VICTOR,极速系列,2023年冬季,4U,675mm ,G5,≤28LBS,360.0,288.0
7071,AERONAUT 9000D,AYPP118 风动9000D,李宁 Lining,风动导流,2019年夏季,4U,675mm ,G6,≤32LBS,999.0,320.0
6710,Flame N55 Ⅲ,AYPH148 AYPH162 N55三代 N553 N55Ⅲ,李宁 Lining,风动导流,2013年,W3（3U）,675mm ,S2（G5）,竖线24-28LBS、横线26-30LBS,417.0,334.0
7791,WindStorm 500 蓝青/紫粉,WS500 风暴500 AYPM002 AYPM004,李宁 Lining,风暴系列,2017年春季,W1（5U）,675mm ,S1（G6）,≤26LBS,238.0,190.0
8535,Ultra Carbon 3920,UC3920 AYPE136,李宁 Lining,超碳系列,2010年,W3（3U）,675mm ,S2（G5）,主线20-24LBS、横线22-26LBS,298.0,239.0
